,Run No,Loss,Reg. Loss,Repeat,TS47,TS49,TS16,TS12,Cl*,H*,CH3CH2*,CH2CH2*,ClCH2CH2*,ClCH2CH2Cl*
0,1,99.9525727324218,0.0,0,19.314817578462204,-6.2630237435460785,-1.021345981670521,35.06677701727759,-32.97962071235284,19.274152209859125,-5.620680330370938,-37.0608936561018,-23.270396051835075,33.67397400894936
1,2,99.99999999999989,0.0,0,35.592133154054935,1.0469844048068637,-24.40409931693452,-5.360292097736789,-22.47873466315433,-36.305189207902785,9.555776990185791,-20.062268020573715,-9.036545109994695,32.11837402075497
2,3,99.89932223612868,0.0,0,-21.924947330839025,-15.230617513952488,-20.576593379630992,25.40339280537185,-17.950070982755328,24.41479002734374,29.047685319173297,-9.72661403993348,14.758417396630001,-17.597904064939414
3,4,99.99824714883673,0.0,0,-19.965007116178562,-39.3259121998413,-19.577214240206867,-18.217038033564226,-27.935611425273756,11.926576959022377,12.316254797435846,-33.094032176934874,-21.386538662011514,10.076347977268924
4,5,99.99956312108702,0.0,0,-9.808855198227114,-38.63155694999798,-27.497152682487123,0.6144033978958277,23.468857763862736,-16.62890506826557,26.285571212906788,-7.542160911664759,14.219621377540214,-22.90122460175699
5,6,99.97599032207351,0.0,0,8.328739749905608,28.37377819701183,27.242105010665114,-17.814456886439878,-1.5841085173267686,21.051941208633373,-31.75827580683201,-34.86318764305616,37.447756866278695,19.309853699369548
6,7,99.99907750732126,0.0,0,3.3128557793619393,-9.214004430355637,31.947050883846074,24.33732928556782,2.3481699427292284,-8.649963592642433,29.968018162163887,23.70184030226423,-10.970691091380125,25.019395635866445
7,8,85.32222518343913,0.0,0,-17.590833947471047,26.548458873785094,-38.4168441879398,20.4709718147473,16.471145899180534,29.341013027522024,-3.601979071064356,0.5342655204658655,12.157553603142155,39.003655761006556
8,9,99.99999992871346,0.0,0,29.19449871297452,-37.1450101183415,2.8813523331296267,-20.301041585359044,-19.757162335211014,-12.80506953007663,2.2419707491897185,26.132046220879644,-14.196831320021882,14.789088141141136
9,10,99.99999999985945,0.0,0,20.49606888288855,36.42099638554126,-25.23947662546029,-10.893290165105157,-11.8170559273236,-30.15518752918203,-32.93230684261873,4.241868820939686,-24.923623143173533,31.768285279610083
10,11,99.99999994057724,0.0,0,-22.152594573235163,9.658161453668498,16.82227936508484,-24.388957595218198,-36.69202884329399,-39.963064562092484,-3.316615651979312,-33.405461955625185,-12.826438956674046,-15.666058380947284
11,12,99.99991350607381,0.0,0,-25.057717931606447,-31.777338724721936,-13.684979264138995,31.421807399311263,25.88237094670589,-27.400166331728446,-9.313621720215043,-2.31324340495528,5.0351486025184755,30.992861568862992
12,13,99.99969912759676,0.0,0,34.54899950656214,-16.85627287756096,-23.192666942834798,26.764705269479123,-28.810479168829097,10.649298858075028,-23.188886660460533,15.136694730474346,17.738046365912027,-6.917073358927318
13,14,99.99916803473077,0.0,0,-1.8475674034826213,22.832301563124837,23.71519475170991,-3.2076305296997702,9.949237751307855,-11.420924399941754,-0.27531883291240433,-37.94130857003768,27.16117436084869,16.42303340224327
14,15,83.67666002561322,0.0,0,-11.026807397212941,-11.883942214758182,33.92531753813002,-33.047943530950576,31.175487669347575,27.919589136144637,-7.057876835351948,-3.976654941540943,-26.462116156959173,-14.295380179266807
15,16,99.9999097200326,0.0,0,15.908402143181881,25.171032377039026,-23.98707077335057,3.130491014196963,30.120252915409495,21.96284362208815,21.316925504815714,-8.552165304252568,-28.006873154507822,9.745395473313962
16,17,99.99990395153029,0.0,0,21.469799537664905,-0.28647926602125295,-28.172456803718113,12.86697674300261,18.50113659283072,10.952840257019652,-33.57199114251231,24.356909571710474,13.35624419949476,-33.37245942516541
17,18,78.80135829681764,0.0,0,-37.99225321685188,7.630278752703319,-2.2403125578590135,34.79243190289611,16.242085158049292,26.026628321252957,-38.03656179876276,-7.176938077103493,-19.019306740523408,14.995022866993175
18,19,99.97750759341417,0.0,0,14.015041551459845,13.874921259749762,-16.10221073876891,23.047653932567968,-23.8139994073746,24.34246369519495,16.782957970530667,31.960313245882773,15.074069198763084,4.351793409371737
19,20,99.99999999995178,0.0,0,33.44892501147666,25.63392072866415,37.78542283638069,3.8382500392539853,37.812872619408665,-25.861881015363565,20.863212733985527,-19.925947840692388,-2.6000270515603177,-26.58462376296218
20,21,99.99897061157417,0.0,0,-27.03366051269299,-32.80455353823502,35.386506589666624,10.636208219058851,-14.202353493641468,-23.62098042344196,-19.16256916167301,-17.73046039679325,-19.3717136593815,4.404838704006153
21,22,99.99938831710416,0.0,0,37.17675449847468,-34.41216170067213,-32.968101912301684,31.93994875257613,-24.700906839295058,25.476965784866834,5.588433327850183,33.94989904796175,30.019758553853322,-11.547263609989002
22,23,99.98218646461636,0.0,0,-32.294681291805155,11.965495849936651,-3.1431114987708852,-30.68571245930634,-20.618858600019387,32.360136001804264,6.639854403369483,-0.13248135763085145,28.103687250260293,-17.059028147913438
23,24,99.9946077955768,0.0,0,-12.855905201030751,-21.274955764786867,-8.888860609256326,-9.55861617755344,27.250572356115867,-9.657319001392885,28.226221694152144,32.64619082844587,15.211586474471162,-24.183619278015126
24,25,99.99997119060062,0.0,0,27.842168803090814,-31.067174570253265,32.13344409153916,30.843990388978128,-20.25148249548838,-3.020448465317294,-5.368255783881104,-22.785175580818386,1.5091542408668488,26.103251859712756
25,26,99.99999999999997,0.0,0,37.85738500889633,11.446006289988418,28.247647853300663,-29.32077710062108,20.728578696090523,-37.97865498195317,-23.911426906270602,-14.36952447638707,-20.569297626005167,36.72428849344294
26,27,99.99996865127123,0.0,0,11.993035915722032,-18.96225095046761,0.3006830883677054,-5.95009947997233,-12.91322839932301,9.275027957046895,-13.088765980554804,-30.231922527999547,-29.447158899187393,-9.397168030686345
27,28,99.90794385189486,0.0,0,-36.446677563517675,-1.2662053943927916,39.577403753564425,-27.15921309622968,-34.38217924858209,-1.9544814574210392,-21.20703302028282,-23.428492490000224,9.798330558834081,-6.281221165685238
28,29,99.99999999302477,0.0,0,32.900481273339764,16.92507246246219,-32.49889777850447,-16.31144131963672,-11.249055810122076,5.228778888065605,23.027261017179647,-1.8389372591300344,-30.626529460404218,-1.4041740155419333
29,30,99.99999999991806,0.0,0,18.17773926297845,-14.90827243225555,-1.320150727040165,36.238107912269314,-26.360502639271857,-32.47809817450266,-26.670255016109525,-21.493344519139345,-10.297701922477629,-12.285315340157425
30,31,618.4998281956017,0.0,0,-23.55639249439237,5.348661830689679,0.7071155910632712,32.381680202971836,33.42209012741253,16.396162478755976,12.675855759631823,21.278372778599596,-3.0363636672332532,-23.349401536550282
31,32,99.99432336268576,0.0,0,-38.0044555644374,32.100309262669214,9.342083755735857,-2.0812150992080376,-30.0848283064698,15.210370317113714,-15.715474192745408,-33.7674564290907,6.59644398452172,-3.0924431911149384
32,33,99.99991993230765,0.0,0,-29.299991294518932,4.301170365991986,-2.7896986070373657,-30.326395919349014,-16.930520630440547,-29.668461676807723,25.73165840071772,7.6605502279971205,17.290322768972494,3.8138716228718366
33,34,99.99999980025693,0.0,0,29.316322462013062,-20.033437658778443,-17.276004515735032,-37.89378133625111,9.249108851779766,35.9069694070966,38.817724662333234,11.26995860359277,15.980774067027177,-17.947865687618258
34,35,99.99999999998957,0.0,0,16.802318957167074,21.873484134328656,-32.10597361468453,-34.3514626177037,22.889797391534387,-37.13385832115323,34.64720452973866,1.2502172439234869,34.586523595683744,39.233634541671975
35,36,99.99991903640274,0.0,0,-0.9841403559626585,-14.507357411503396,-27.724634699045623,-14.187721024609544,-1.0985673002513536,38.785614453335626,20.42319032534911,-24.922928912997058,-35.31539009654861,33.48633078114328
36,37,795.3053400143634,0.0,0,-37.55906622846887,-29.609296340387576,27.617380616685978,2.7369783239825622,39.35682634757215,35.49038353833953,-34.978871208525696,16.133710561997532,-10.464808815180909,27.972257756866185
37,38,99.99944279723385,0.0,0,2.7258476725046705,-15.680089385241047,-15.124501973249128,1.1390801872949723,37.07307921716131,-9.128082280922811,30.02791439140168,-26.450831049439955,32.094208782643946,-1.7768352023024931
38,39,99.99993809745719,0.0,0,39.260429807388576,-23.67841564340054,35.605827492705345,-2.6835384237790265,6.4775391070038,13.33568167395405,-35.993671502861375,33.30119204508807,-34.176113207178346,17.588528187709286
39,40,99.99998250107754,0.0,0,-38.87970217252978,15.341459114826812,33.18415885928802,-14.629775443895383,21.822907292029967,-37.385641437633794,28.613459630433496,-38.46614973124105,26.70018141868934,-0.4195457526325228
40,41,99.92803021081957,0.0,0,2.094325854859008,-28.43846321766945,25.68098521426981,-23.321279801551928,29.545135592231446,5.171579784757256,-7.888403643817206,-31.780180831396574,8.152094598446908,39.97869130784318
41,42,99.93582907791775,0.0,0,-11.944658124082821,10.734799112885405,-19.87424935355438,22.729943424954094,11.818581836280579,-7.631252677806472,0.47736655960596863,9.930854400932915,19.05328370632259,-30.03255928880899
42,43,99.98790325319074,0.0,0,-2.7711951859320934,-0.8418958537075127,5.297779199748653,9.112145409315708,-35.636585939632084,-6.229344336692741,-11.28621703248323,27.94399943663214,-16.714522704948166,30.060182011347067
43,44,99.99997416599734,0.0,0,-32.548112997191375,-21.75100163908003,16.720263863251688,-36.66044066320886,-34.855988820526846,20.49239542371265,10.15330538272211,-14.723099993271141,-29.06266150409023,9.20030575419127
44,45,99.99999999998768,0.0,0,13.0802132290478,6.439776225166234,0.9729422379057411,7.4118186441913565,-3.0091948022390937,-38.67379374759757,-27.861931179537915,-34.64485574237433,8.771982249461331,0.6420467122001483
45,46,99.89816916416721,0.0,0,-36.83863923388485,-18.10796351556396,3.4270761320476595,-17.59495849318805,-32.03687365899859,1.2326495930860304,-1.4103974840047755,-35.23079018578141,39.6123991839313,-29.435675460031128
46,47,99.99866367492803,0.0,0,19.820572629469346,-9.946264556537724,3.7382716853184093,17.537699943827775,12.487187572024467,7.321997590334078,10.655342128296468,-9.130958151952086,18.251843182687566,6.43526947249687
47,48,99.99998473940107,0.0,0,-34.17750390640383,37.30757442311402,-36.49962302638907,25.03126956736341,-39.94129764367315,-35.297814778959015,-22.08161322322309,24.529391678795633,20.102664395981193,35.96208110637322
48,49,99.99894539793249,0.0,0,-0.07499707833013503,15.731894031697706,-39.518219100107395,14.002126613184444,34.46239009321738,-10.070907997831227,-29.331684483684967,-8.182351446565853,17.001202078020377,-4.6597373990271365
49,50,99.9999999999858,0.0,0,38.05295259742509,14.305890655600201,-26.71118034408003,-38.0842882686194,-3.777437233731632,6.728298599449175,-39.925495915448934,29.970736487160906,-11.33750826731315,-18.311906309536337
50,51,99.99999896833393,0.0,0,24.792564186301647,31.545437181967245,-35.64562316027569,-5.156996449525934,19.03621860889743,-1.5718666233537917,-7.463218865479021,21.735380553647303,31.908332732221538,-10.82289496982682
51,52,99.99693453455309,0.0,0,9.27538735986657,-37.434377604872175,20.264755347134724,-0.26423331039296016,34.328080986526146,13.97429450664329,37.57416804560282,-5.1755853275521275,2.7490744659677873,-23.828552468534486
52,53,99.99999999982276,0.0,0,17.244498269026977,20.674577366068945,21.64816035074309,-1.9389584051830937,-0.6455983955909588,-31.397735133729242,27.215764604873783,-24.100056675709542,-38.28488986456546,18.941357738800654
53,54,17.618931925526603,0.0,0,-35.53106379666187,14.772578805997163,-21.5412830506331,24.467685673877483,14.767695001702478,32.61348310185372,39.5046919450771,4.981876891020967,-23.042059807815743,7.473229746534628
54,55,99.99999940535926,0.0,0,-3.3715297043255035,2.376331185280563,31.08757579523595,27.9794291073504,-16.314355145271744,-26.139478267063602,24.14574619194282,34.05900100215878,-5.9393100515872135,20.156572145193714
55,56,78.69732333934635,0.0,0,-30.616047893673276,-7.4333104150517215,-37.91534875359998,6.810190494311527,30.611048603382542,39.77900325559612,23.558291643411486,-28.3681495689207,-39.543845224561906,19.987078098384487
56,57,99.99918617500968,0.0,0,14.659833221951395,21.420587534325115,14.207312632130723,9.589685051158042,8.994877563629366,37.71389848344525,38.167398727015666,30.951532467464688,32.558259308907026,-10.79682684952219
57,58,99.4826360893304,0.0,0,-8.226824596506333,38.31944812331122,8.382520603902094,39.0620805148899,-29.25420822797816,0.08430580098747953,-24.855061498864785,-5.741965743895825,39.185689729939725,38.18698395681815
58,59,99.9989995138479,0.0,0,30.112382214796142,39.77915956624811,37.081599799311945,2.025964634135647,-18.34493490362176,17.3527369587023,0.016590031830602925,-4.178892961380043,12.698662988849208,33.16553755009865
59,60,99.85284077435104,0.0,0,-28.44800068457463,-0.7623598902001447,6.4460140048201,-34.79254108425082,-15.916949735278475,20.197089040466416,17.377522079346605,26.775767548362467,6.971376990380421,-14.96114907882134
60,61,99.99999875433984,0.0,0,1.6173163752744628,-30.042844516589938,-22.608770997312867,-28.691916695188095,34.98135097060889,2.2805521178533326,-25.202434790155806,-13.529380386289166,24.92440522715394,-36.90960080585982
61,62,99.99999999986296,0.0,0,34.22629285865172,9.474302759669015,18.0661273961921,-12.304273717024998,31.92336454264246,-23.46301835206259,8.13469839948047,-26.951277507303832,11.91490537900971,-2.489160708289681
62,63,99.49933213037778,0.0,0,-30.27390207876185,19.253282845500443,-0.45192330151785143,-15.907319075805685,26.776999549690487,7.866847515479677,-14.465891359004015,35.99936542343637,-18.006246619922592,35.04114613501537
63,64,99.99998613467835,0.0,0,25.82137348249931,-35.789176759096954,18.917876816624357,-30.876203723149366,16.942406594412475,-3.8494547133251587,-34.309716264556855,10.119029886125553,21.610863531730345,22.273162747051956
64,65,99.99999999999989,0.0,0,36.46049117094806,11.105549087226578,12.580257307468855,-35.10151557295878,7.557772967371022,-35.75065595368328,20.186053577407236,38.89349374404661,11.27399318622033,34.01766191841274
65,66,99.99994757882382,0.0,0,5.322115319738984,37.61819928641624,-4.247013017091632,-10.69934434305766,29.8892373598664,27.511320356027056,11.793490780475565,-25.821541507198617,19.793726309212957,1.5365688627183332
66,67,99.99985953869233,0.0,0,15.338677952543442,-2.366718945425646,38.33070749536205,33.24220283199894,-37.58001861642157,31.652277129758957,8.904799881887733,36.64080313538881,-17.69194001747516,-37.720096655991625
67,68,99.99600930079387,0.0,0,15.199408202835933,4.808550384435229,13.145046677802092,16.917544994188212,18.276410936622682,25.18664499705686,3.2957784947618762,2.2929499596717307,-30.12837246537383,20.755416841342495
68,69,99.99999866599146,0.0,0,-23.616226271575297,-20.456204271653768,38.852096867029104,-8.121052449754742,-18.4703048641502,-34.706810290463594,-30.3784362911705,15.809422121886755,22.50391667732177,-6.601084325632193
69,70,99.99892231848482,0.0,0,21.635275458228605,-8.409911063025074,4.0029275877311505,18.40394919014357,1.5455316582005807,16.74402670835049,-19.39239360637053,-12.554715515382291,-3.402062766326978,37.122843960666444
70,71,99.99999902358233,0.0,0,23.18210490141528,-13.956773868521104,5.1989939970913355,-35.857092095999,-32.69587396056858,-9.59436308232302,-13.771037955026138,-22.898055407443813,23.58462901697382,-20.991179501098994
71,72,99.99999690996194,0.0,0,18.911331252338755,-17.790441545733543,14.828216817897484,36.98811956991287,15.490257018197951,-11.822353157193355,-12.499750272329926,17.240632590378468,-4.044347564357004,-8.057857434961846
72,73,99.98923186146796,0.0,0,23.4500484273222,34.64761585389019,-5.428785012212693,29.414152356692213,-27.522814907192355,12.770309920654583,-26.118593204738936,-2.530783578313347,-13.25521337693317,8.459694412923895
73,74,99.99999999999892,0.0,0,32.391152157343996,24.643800770309397,8.429829628500592,-13.379565130325211,5.779494903529738,-33.702469658369964,31.4556739023473,27.10393015868644,-20.031917394277738,15.553872757723724
74,75,99.99917106788689,0.0,0,-35.86934203929116,37.14796430930734,-39.99995425007306,-0.8491862442918645,14.110880041913049,-28.458040822921042,34.01503354059429,-2.9889524910753735,38.52771909482985,24.660332502670286
75,76,99.99999998427727,0.0,0,16.207213024637767,-12.593324486831385,-25.13584192819214,-28.213716048563207,-8.545477549657608,-21.70727983634308,-2.8456008115338562,-18.272018864768928,-22.34177670753664,-25.545828838771133
76,77,99.99999999999963,0.0,0,35.106744950530626,34.36352321292003,-37.144289461099696,39.894684383077404,5.478338453572931,-34.35700234835756,25.247589334869204,28.196969618959315,-12.639253630412863,12.835852279570986
77,78,89.956882897251,0.0,0,-39.43232219423868,-1.736262025521853,10.69765436854781,-2.9092424986621737,33.08934441775773,-1.0904761183367526,-18.0966886958092,20.455526607218275,-35.72364123299323,21.92034374205201
78,79,99.88877905488573,0.0,0,-17.864516789807325,35.98781520483996,7.951435145281906,-12.4877881772493,-30.603898590952028,-5.180802974380455,31.814401029928717,30.48823763273893,-26.982395952474427,26.700435922929117
79,80,99.99999999954191,0.0,0,25.472826503373128,-12.090041341310158,-31.147601262075632,-33.26840764017993,38.62840350477482,-23.154663230892965,-2.7562468343225603,-7.756467530322482,-36.89967515874554,2.568666373939891
80,81,99.9999999992224,0.0,0,16.610740750356726,-39.71187020262314,-8.267889225389968,6.093507477041641,28.956367484600577,-28.928879643426274,33.76317999561894,-6.3418137558935115,-24.195543408681147,29.216629693579662
81,82,94.45974636599979,0.0,0,-15.141299407694284,20.2529319498666,19.77684044425071,30.65902119432657,7.091759079302456,22.471397933191,-4.0902359466655795,17.684251271367515,-3.79331745609295,25.83771634143467
82,83,99.99999840830372,0.0,0,6.304320982522299,-35.189515605248914,-1.971632639811844,-23.17331000094426,0.9816236224236619,-19.187029469874215,-10.420465484687913,-25.38157167834282,0.4209251785749899,-30.83784307251654
83,84,98.3895516892283,0.0,0,-5.656139618572318,13.172223927699946,12.241722737467555,39.54627440560253,19.978950367181582,21.297952255504754,-5.086150447597227,-22.033890272034085,-38.79268468906233,-29.765266663737567
84,85,99.99989469615356,0.0,0,29.995882781514695,-2.6327455465098737,25.267094674020115,16.18225736985682,10.971518064139516,14.213932893007936,10.850685353538772,-17.234084525303224,30.417528603890858,-24.596593503755905
85,86,99.99508392279567,0.0,0,-12.398754856869921,-32.37361556372639,-28.95123225283188,-11.870344588041021,-14.487127273267436,37.38015185698869,35.06342721662335,-32.54421564764802,-17.3422555660972,12.275582019292102
86,87,99.99999999972812,0.0,0,5.632024390908498,-10.368914171867047,30.158585076021055,35.55825672103978,32.323486139274124,-36.44164551272157,-22.43812553586255,-27.90998401687437,-31.62952742931742,20.806177452777106
87,88,99.999967456018,0.0,0,-7.59449299497691,27.990495305824155,-23.278814705050507,11.203353231810013,-7.821553112386226,-20.54867638499146,-28.5889141414765,-11.17287722626362,4.715320475867195,29.98556635547382
88,89,99.9998643102649,0.0,0,28.499784882680558,-37.728465786824046,9.024379502048774,17.969001798904152,23.842358544487148,5.881725359353567,-9.071272014644837,-29.029319596260784,-36.53462340087262,-22.749743447544905
89,90,99.34912558600487,0.0,0,-29.99983919004346,18.745290592685535,34.47877921556561,23.348425578006477,-39.58904496272083,-7.051231151332921,9.788199070460884,20.805912834696834,-15.427527297935853,-27.259331250025454
90,91,99.99998092130377,0.0,0,24.000413173063095,8.251295838852258,-17.698043417175782,12.383521006254803,19.575211417262537,-5.299551583851226,-36.828996567841585,8.796366253010177,-37.76427778523869,10.752215439025726
91,92,99.9993624174567,0.0,0,-0.7428826868788008,-4.226446649515324,10.15479569370251,-4.212084383965454,-38.849444339081586,-11.0007777500688,-31.59139007789032,-9.374200671903651,-29.885769487321724,37.592279614542306
92,93,99.99999949380557,0.0,0,11.49668192009262,29.56636631600398,-10.957808399587627,-31.549468192224147,0.4159439706541761,12.828644111776725,-20.68396125932503,19.57430128307685,5.522465265181367,13.478508033240445
93,94,99.97692122385001,0.0,0,-23.142630780531903,26.17072853977929,-9.482313724702294,23.7257668889563,-13.513353116668483,-15.633066574767348,-34.477157921752486,23.066475236089403,-16.389348846123355,12.61678842470858
94,95,99.99982344865961,0.0,0,4.077022408382035,-10.836275204538026,-31.63375746009349,35.68608383463777,-12.650049622585257,-10.583895623841244,6.932156698544681,39.29619372992123,5.847440297024619,-35.60107085981941
95,96,99.99999993021464,0.0,0,26.884688533939396,16.56684096724274,-10.46082424302261,4.576138834732497,10.497156629985945,-15.115707043166672,29.599153711289972,-23.893171192126253,-1.225099175148621,0.2775421645495584
96,97,99.99704608022867,0.0,0,9.691039095328904,23.8974996785405,20.795953381334854,-27.77220223490185,8.079133113859164,31.57970577350892,-17.42030129856534,13.414707328776991,-8.699186767947662,11.53770400203004
97,98,99.99997122875548,0.0,0,-3.9017925279253944,18.03350998153818,-15.317579278265626,-22.398792817352163,-26.993657193212588,0.8061614079167683,-0.5896792120194121,-14.900428649901663,10.831736633183333,5.50065616163252
98,99,79.60684296389162,0.0,0,-36.35410161081865,-3.527812596401951,-30.168857113886187,30.2512092927021,4.367042539057763,28.290066663533082,30.479279691728067,18.99844958049995,37.87254390195652,21.547990472108644
99,100,99.99999999859718,0.0,0,18.606479384430827,-36.550531117177755,13.241981467331968,-23.716245099507482,-28.699053319398164,-26.79106782880328,19.081009213584565,22.202452451531293,-31.26915381153171,-30.477055788446066
100,101,99.99999999999997,0.0,0,35.922946105550935,28.48770716413003,22.26785863995022,-4.6638482836938095,-6.0798671016894374,-38.84215733459846,-15.536066539862361,-11.829460738305507,25.391895026819668,23.492033023096106
101,102,99.84484535067142,0.0,0,-3.1396862406511232,2.421645464129597,24.56705293872568,-24.901745122917,-31.06210533892668,3.4383929542452165,35.6324866343771,14.73318725753483,29.82079801086168,5.660392293311858
102,103,99.99990670331817,0.0,0,-7.644645426241844,-30.58146127359185,-13.038711811157661,16.77328093527467,-23.01656647451663,-18.5469536732888,-8.45700620036656,-38.28255434065053,-33.61199200436467,37.94685571999963
103,104,99.99916766747027,0.0,0,4.528394549809782,-36.02020429651717,-12.517217501900497,0.3050528381780424,-35.57359993091117,2.612515124192427,18.349329253614698,22.69677581018243,16.415145035088166,23.976405306727564
104,105,96.4040435232672,0.0,0,-38.760661266466784,-8.921694314291262,-6.732023714313094,-3.619698628775595,-2.3233297044360413,-4.60483962432815,-11.668745855707392,37.341071730900694,-12.182733427904758,-26.386171512051348
105,106,99.85747890743392,0.0,0,-26.053356690333395,-28.091646435799245,4.688521337674629,28.39417796597793,-7.030140353627459,-13.29632158027314,-36.038648191775096,12.639528356249372,-11.861720471529797,-10.07892419214668
106,107,99.99999997589171,0.0,0,13.284308376834808,-3.6355923041372122,-22.18454908696946,-35.32127273540404,-38.35870959736894,6.1564396492427065,-29.120572044629153,1.0624806190976415,-30.86210622184311,-34.501151342905125
107,108,99.99997040233167,0.0,0,1.220364953406758,-16.10670197290943,37.2876615223029,18.90786188046362,-25.21010385165797,-16.320420830629175,19.57326230512929,32.1519057732136,-14.944712515751867,-18.658797565783267
108,109,99.99998607863773,0.0,0,32.69519819856154,-32.71593039603407,23.234901009548793,-22.610398429375124,-8.292539950437508,34.61587167806451,-20.913248534547325,13.99183606974377,-0.4503496257607935,-4.932617532964208
109,110,98.6363847897512,0.0,0,-18.87326595648335,1.2940287456364103,-5.746610394951034,5.43381890644666,24.959486217451598,28.885785948453332,13.83875540997839,39.93149314061132,10.426995737227017,11.640093857241254
110,111,99.52052132365318,0.0,0,-34.565696291416685,-22.619965301199695,10.901555448377096,-31.743373516421464,-17.331012062138505,28.71079367681095,-23.26165940678893,-39.18437808670685,20.906204806988953,24.034156055649277
111,112,99.95456551548887,0.0,0,-14.36795854247758,-13.303968982736372,-4.501198068388021,7.676335745307398,-18.96175682655894,23.106073582693405,13.191469122063346,-13.982061866164365,-2.3933137643691964,32.70868739296618
112,113,99.99999999999997,0.0,0,36.075431041399796,-38.10073373824807,-14.251938328978504,-6.740221280424457,6.070671557228941,-39.33181299592864,5.87265813504105,29.373475895762,31.340649962544177,-28.880944478416573
113,114,99.99998422320402,0.0,0,20.0572759126835,23.36389250445361,36.623470564425446,-1.2326965643471794,11.47135078890053,-8.07668879451785,33.432393629070006,30.016751028119998,-25.389429626437792,-19.201298629916717
114,115,99.9997860477687,0.0,0,-19.370312364463658,19.674115695747425,-29.84936787410169,-29.027901091671495,3.2908004660858694,9.880115775053383,19.985567106969597,3.900126873829876,36.570161386230254,-20.308839884019473
115,116,99.99880305435235,0.0,0,7.959688379826382,17.503224663253235,2.273687220393292,5.03281199053739,-2.5985961960606403,30.327743353862402,2.499316291598845,-11.417213719775383,-9.840803744236833,-15.438319237689942
116,117,99.99999654218081,0.0,0,20.91570419819316,36.17634887992892,5.778269182560663,-13.957366449284478,38.08196885831225,4.235346933157551,-39.16598231545209,-6.61486435251669,0.014845065797601364,3.5379490072942943
117,118,99.9997639781773,0.0,0,17.71384958758749,38.853818568404776,39.824714504243985,-21.60401792865637,-33.89906970217187,7.08996669888765,-30.96719432802117,2.5180314300997964,22.276793561809697,-35.08832652839554
118,119,99.99999999988333,0.0,0,38.82078627540214,33.292677876557946,-34.57558791229771,34.33820707021229,-6.594329982589649,-21.475765099282317,37.648904492092,15.312520509014725,39.30169294186294,4.905655057684228
119,120,99.99519582434063,0.0,0,-28.19239534901438,-25.542797668696764,-0.18886128155281767,-16.68415890152525,-24.162627020214153,-21.18762039749154,26.48578711233229,-39.86177570918278,22.843125560317844,-21.47421319552566
120,121,99.418798291098,0.0,0,-29.039408166612183,22.347395246521117,19.574832153919587,14.829386661744053,-16.49048028510233,14.70600205931926,15.384608501298857,19.857976669004884,-4.5423071920483835,-37.365377983799206
121,122,99.99677924615128,0.0,0,-18.203171279402575,19.055989827643565,-6.295247838358591,-39.879066970947264,-21.272364328546587,29.620444361530446,-16.342992664893664,-27.51672222463648,29.12128327773121,-8.482857728809243
122,123,99.99999951730238,0.0,0,-4.3083179890831715,8.468911880590852,-6.923055951350634,38.25861997430046,-19.33435897785808,-27.009143605180086,-10.05551534465328,34.872478152781554,4.329031261009547,-7.320276950521276
123,124,99.99912869129739,0.0,0,22.32239397291587,35.288953277412475,15.301535552938873,18.078878538586665,-7.288102281806957,36.8053673242226,-33.921828207556274,31.49940812803591,-7.31329167434145,18.418192858268114
124,125,202.23059010775546,0.0,0,-24.62323828770063,-5.412533664935502,-21.63767620159668,33.92300490865722,27.724518432982464,17.181470807389573,22.787948228137893,25.81120055865506,13.064239342371444,-16.493086196631292
125,126,99.99990029333746,0.0,0,28.103157193770812,30.97750791708988,-16.501071675867234,15.7298553288812,38.87013303670854,22.181531980196006,-4.589732222259606,-15.778446155579434,-22.490450262911832,-19.903857750060343
126,127,99.9999999323834,0.0,0,-6.335395691805594,30.24085865085462,26.51792835181479,4.1313024414603134,24.659960461235883,-31.805603733161234,-29.770115398116758,10.53102777764493,33.88117269284575,-25.124545279617877
127,128,99.95785379321606,0.0,0,-33.971210288124205,-24.567369037062285,-24.281067447397092,37.733900537485454,-12.351693126276302,-19.834565433999533,1.9893949589300775,18.097853626287687,-39.13206783217417,35.28007442629574
128,129,99.9999893148104,0.0,0,3.840873461557088,17.962958456896402,2.4522042685357093,20.173535930861092,36.54364773556965,-16.968600168084322,-37.7703529578032,-24.61720986902572,28.606157477257256,7.145874457905414
129,130,99.99817018445792,0.0,0,10.110241241104347,-29.256674465428382,-34.376032924195115,10.197152349372523,22.358999312921128,26.64542001062405,-13.310833922577512,-35.6282251065025,3.2647390856495377,-31.59399240770315
130,131,99.99992929623514,0.0,0,-31.12952149776998,3.9854268348753408,31.39116953968663,-16.94033832115501,25.51674555023388,-30.823957007066653,4.342076113561653,20.322698724309944,25.860159252993654,28.901573542351088
131,132,99.99706512216514,0.0,0,-8.637231202348254,-33.40249211429251,-13.540027406033097,-7.46278875606783,-4.95053183560092,-0.010238612434804395,6.128225861598068,23.57993855555204,1.959140287067072,-38.34798857115269
132,133,99.19866651450965,0.0,0,-13.388838408636747,27.25159039365691,-7.765860616424696,9.958529022721606,10.101775240925768,33.237982427921,7.548378243664416,-31.220811915512925,1.1292012162593892,-13.592089960193462
133,134,99.12484075364651,0.0,0,-16.27654322094774,33.86300856308125,18.793650617553965,38.75112056745388,20.987219821946596,1.845573600953884,-24.499931034680802,-16.24916696031707,35.75584480635173,-35.55029161521114
134,135,99.99992595175186,0.0,0,-6.554564522198866,-35.54514570014845,-39.074630328736305,-6.062189222708206,-37.80337073628787,-18.395644506478604,-36.62876352405148,36.868830932731555,23.90647534608113,10.92114332188703
135,136,99.95980986220704,0.0,0,-22.61903806930142,-6.54067489753475,7.280290995214038,19.521934338406325,3.839594115589371,-14.347135543222823,13.42236008445063,-3.2890124999987265,38.19097518223688,-9.10343250081376
136,137,99.59637173708803,0.0,0,-8.883271584198337,14.85585973347365,-11.754451564103498,26.338245984892467,-33.537283442141565,32.843598013571864,11.29236338019367,-19.173851313983107,-28.571004593123355,-33.05196632083436
137,138,99.99426271989708,0.0,0,8.957952905014722,6.9846408323566465,-16.867840171985065,12.533767757078913,-13.605716470514722,38.936458729300625,14.307185151312531,-28.479135566398163,3.0499285176742035,38.6724816736468
138,139,99.99999997803573,0.0,0,12.21480284673622,22.731387259234197,6.87943660122157,37.37152027716563,-10.396424359051505,-24.695130766490834,3.6236708828742863,7.563498109143353,29.317924804719397,1.7738379893634075
139,140,99.99999537840368,0.0,0,-15.730174390494636,16.149099520838995,30.44431817587838,19.67412705837507,4.450694283656809,-28.372716260633318,-19.673459395269113,-15.518959149912135,6.245410359867371,-13.92415762087268
140,141,99.68027890837064,0.0,0,8.607521700293361,-26.953325973137904,26.896038061664484,32.80142190418577,-4.481879533037741,8.171732289046588,8.565567938291764,-4.788603660203371,10.287037984877898,3.142016688538945
141,142,99.99870685483701,0.0,0,-9.52417931886643,6.312418328877584,28.71986433500993,11.912089831876543,12.90525560956955,-13.929135534224631,38.64261773930019,-18.60924706659152,-6.94734134925362,-36.55132171191635
142,143,67.02221352048619,0.0,0,-24.31521593414253,-25.707308559704188,32.58471976407962,-36.87704348451619,33.84787279682155,4.635929459243961,-18.532506891917304,14.021237038181013,27.78342032436099,-27.875092064919233
143,144,99.99999998928205,0.0,0,33.809674245827466,38.74804094612303,-3.347616319864187,-25.89717228047114,-26.48588158871135,39.313547006389356,-14.317418376444223,-10.224067674316572,19.31341780544146,25.57867067169586
144,145,99.99999999932993,0.0,0,10.983982692429706,21.179105626440638,-21.026563069090734,-9.037406852409163,-34.47974693092775,-32.027211172321266,-21.636282718182297,-1.4603330348171681,35.57842201193904,-32.02039347172495
145,146,99.99967359896428,0.0,0,-13.85717535644688,-34.34541790973573,-27.1065335443043,-19.930093649457476,-21.715551016493674,-17.325276709337203,-32.72262628695067,-32.306255165551434,-27.50078657664911,-26.938345061211702
146,147,32.69756917596109,0.0,0,-39.83319119811897,-24.080558302095916,36.337924727602484,1.3686631544129853,12.157129177998783,17.951888857400547,-37.33448214191208,-29.748769520677058,-13.685153484137665,6.304000700939902
147,148,99.71641471912717,0.0,0,-20.835690867530467,-27.23614579001938,-20.229410084599444,15.56440718947946,-25.187840124028483,8.653807486516733,3.0393858772418554,-30.848467206235263,2.10137561699991,-9.797703193019679
148,149,99.99954719364074,0.0,0,-6.92460107282043,0.5721887130979937,-18.809604372667636,27.269090985329157,-10.519709585406986,-14.777543584135234,-6.726418623381107,9.433362525843293,-39.84129301030773,-36.15314203455171
149,150,99.99989732100532,0.0,0,31.574113508002725,-10.722213676188844,29.89383400562015,-21.49428100690924,13.845244934146805,8.967997420804096,-9.832568789694363,16.911295376968532,33.45978672318191,30.68526558926392
150,151,87.68824192494176,0.0,0,-20.193092960599547,25.29458786053047,34.06027599689932,27.052648298100067,36.184863238676556,38.10456828576234,21.944182666934758,-36.17052820533109,21.235175473508235,-5.744349260512038
151,152,99.99999998640118,0.0,0,31.061536079678504,8.984631884384953,-5.030898935342172,-36.16864415424514,17.66245982577631,0.45391724718427184,17.85279798018525,-20.796260568813395,-21.189085110593012,-14.679967581629857
152,153,99.99619486621562,0.0,0,-10.59285598073107,-38.812695369712245,-18.410884963226938,-26.592259270253585,-4.008206658328078,33.78044098484831,31.063614263866356,36.17612768303425,-33.35746821533867,27.034968007695028
153,154,99.99999999995033,0.0,0,26.092585174213696,33.062304307161355,-29.297967124612928,29.17234198710399,-0.17813307568493286,-29.470927601265302,-14.959618300756944,-26.15590367494135,-24.77722822463556,16.073962236111363
154,155,99.99999999373904,0.0,0,-10.004263977533341,-4.724722295988073,-9.628860402869996,-8.407003622010038,-10.998119756761643,-38.22084258952964,-27.308565732810163,-10.550265319038932,7.854148384595376,-7.908717706659807
155,156,99.99968909444229,0.0,0,22.608125454345327,10.369896325415347,25.06418309104444,-20.995082923088656,-1.993369646839625,15.971243631400291,-38.52539962892737,5.878859411501111,8.808908604613123,17.05734316985965
156,157,99.99999999645695,0.0,0,2.825772102231845,24.190435647200843,21.328659258241117,-10.021539041817292,-38.52324915441981,-32.9018662276374,18.419015037691096,10.897706665283593,34.36905547787548,-16.355631852386306
157,158,99.99999999963981,0.0,0,7.462826169849151,1.7945762972681578,-26.06943720094826,1.9809895126773043,-3.250038979515047,-34.98446757426334,-1.068655443964964,25.560296886028695,-18.79474545723077,-28.506742989884998
158,159,99.99938437859036,0.0,0,13.871392981599172,28.81129704806517,-31.530417733327816,8.548122277509556,20.023742890135587,3.8462817148815844,1.14922725937884,-5.23011832738559,7.33193782507275,-11.73001135807636
159,160,99.99434162262887,0.0,0,-31.619929552301166,-5.120201781544573,13.824596503519757,6.54936285269487,27.084295827959835,-22.639042992056908,-6.157193815684387,6.326190771602249,-34.45458325817623,-0.09020909359396967
160,161,99.99990140521807,0.0,0,-1.2026158147600654,-23.16864524005802,17.956220914551324,-29.61048658465667,3.152708249233129,-15.2095825798129,-24.247593550375115,-0.9809742918076196,26.250174151324586,28.13073227394655
161,162,99.99999958927732,0.0,0,25.1384218396946,35.053712301109556,14.429892578005905,-9.641612013197339,-5.260012044593616,-12.491870989868016,14.639896137788845,3.0109069825941646,3.979283799275059,-19.04982606673286
162,163,99.93133235636395,0.0,0,-27.675256520911784,-26.02007760345855,-25.896120642680657,-14.942441742275335,37.53974844029226,-5.605370888165247,7.737735678180016,9.164322455634704,-27.76299525249368,27.58940754433452
163,164,99.99999824244668,0.0,0,23.762515371075324,-14.038147598825503,6.361641194365518,-32.0911287881827,-28.262924436818686,2.994700297927338,4.414427325827944,0.12873151998810073,-32.590131876350505,-12.856841158184839
164,165,99.99996654232723,0.0,0,-16.45766865309843,13.401129753407368,-28.534912075049895,-38.92307095373228,-9.542273839908383,-12.311886404882507,32.00463583576396,-37.394044355176675,-4.918592267557969,36.04558630458368
165,166,98.75252424296659,0.0,0,-25.691904506178005,-25.18951257308145,-35.18867740479168,14.510722585040234,-5.811764848200447,-4.254248771852708,-27.138931342362735,8.396778004762915,27.551626560543383,34.59640341165317
166,167,99.79806144024747,0.0,0,-15.425877616948192,-29.073046421616688,34.987020021226144,-7.109080983633618,7.9399075640071715,-7.530105474869032,32.62023182360315,-0.7695904482231555,-6.628427066388042,-4.258018859540172
167,168,99.9979784290502,0.0,0,-33.073055036271136,-33.61308946799989,29.56116673338977,11.036554872907011,17.556202732964834,-25.345358239999243,-17.09035208993326,33.05076640667214,-16.931308086073035,28.55997836959405
168,169,99.99664717703598,0.0,0,10.447277051738823,7.432414262967235,33.50805287503992,-25.383376248445053,14.805897516359977,34.19973644051913,22.223130121485966,-34.11480440784693,30.96662669160591,-33.66126847940399
169,170,99.99999999499674,0.0,0,27.23616388627792,-26.499388873145904,11.468964439573568,-19.508474531615853,-23.293515447569693,-20.027255553345384,26.956105881839832,28.87118893418807,-6.196154682312979,-12.52107679229426
170,171,99.99944670427406,0.0,0,-21.55221717986651,39.409203412693785,-35.226961814785135,-0.705252518577197,26.394670977987232,-22.037839186518887,-2.2838808011752505,-36.41406398114064,-5.574104006623379,-34.394977607936355
171,172,99.99999999995738,0.0,0,37.5200558737548,0.35593093657895025,1.6957644176551057,-7.640717981593141,8.449367543925888,-24.062463828427525,37.19299124740081,12.894553639464156,9.323698553863515,-5.203461396507279
172,173,99.99999655697886,0.0,0,6.5710660398787795,-22.395854295465906,-8.671872269671187,-27.55564347970239,-25.74707867302795,18.48953986813101,36.229554210756945,3.252566264214991,-33.17346606622862,-39.78447330639866
173,174,99.73116658389367,0.0,0,-35.19204794646408,29.785955052364727,-7.224607243257303,-26.058353822465385,15.723152977527064,-2.4136267739921067,16.990780368994713,-13.198482531036259,-21.900059727909984,7.939115217485899
174,175,99.0175728939403,0.0,0,-18.409859986291885,-23.346485295755233,-15.96778818914865,36.739088405614396,-8.940891746725008,23.83793885336317,-28.24883032826876,1.7379445374864986,-1.8715894743330708,-3.9875611698177806
175,176,99.99999694422895,0.0,0,1.0048244110095723,-5.731360647637445,-14.42187662400002,-37.434328292189235,-36.23674527889549,11.401272276217156,-16.476920636355118,12.258031359634174,16.035599288328953,8.397080349465924
176,177,99.99691872886083,0.0,0,0.6681400127744652,31.8208223524899,26.099244585624078,-39.24875302544362,-31.545968336781307,19.797529862996434,-25.681364528797086,-39.3765240686217,24.011084696048954,-38.84874299862823
177,178,99.99983649841593,0.0,0,-11.511407177706591,-27.65001534201764,21.139972214092566,8.235969250830308,4.9173505113944245,-19.401099962655785,-30.793786689779665,5.50122826234778,32.89717885030832,-2.240536376031045
178,179,99.99999999957197,0.0,0,26.66040304372339,12.146393338667863,-11.474093725070396,21.604279601257666,31.55016154491173,-25.053382761102505,35.365468065680545,34.49239597946789,-0.26961311707640334,-0.9314283315674885
179,180,98.83111063247091,0.0,0,-12.508459648992293,5.792678513208472,-38.28782240317424,21.5120809348479,0.18779161142396816,31.139050683695757,-10.862840063922864,-16.975788003785578,-7.727018516093274,22.833713220574623
180,181,99.52744478743206,0.0,0,-27.23347777861266,32.68963393794563,15.918623435014688,28.600958002359306,-37.04092926520579,30.541296962393233,-35.2984495246155,-20.843592418283066,-26.080153895305585,13.895844785003028
181,182,99.99999980925149,0.0,0,-2.3425572008503153,-7.098641586205481,17.540778308514916,20.973861917628668,35.64695076812525,-27.81324799089468,-32.394419370809764,-19.53011193995643,-8.204831403277918,22.63249413691647
182,183,99.89515614635769,0.0,0,-26.742181783950137,-7.9262462230528925,1.2253373773825302,-38.58673388601079,-31.8439969143435,-3.4192655002316528,-39.433078079053146,16.78378824273991,13.776402648163554,14.32039782231935
183,184,99.99999429009213,0.0,0,4.921338268683435,27.132062610464914,-30.480558563539184,-18.493010052454792,13.415195088055881,15.188728029191182,1.3892447811543533,6.675538103607465,-1.1119485303892134,-28.327354859467697
184,185,99.99998181428172,0.0,0,-31.442049754830578,3.15879402780304,-33.35201771264745,5.868989060209977,22.5127380352573,-33.592569519129036,-1.7392842895959646,38.64157909643187,-9.2821686595261,-25.603811286550464
185,186,89.26249810843441,0.0,0,-5.373735154982427,3.553502203272245,-10.271148194554094,29.856323049618354,24.073495764750405,36.430124349054324,14.83790676658289,11.835980519319762,-23.967410414049095,17.663967515435708
186,187,99.99958161107818,0.0,0,-14.681807085737798,-8.256995533067823,-33.77275981523202,-18.83937496613227,32.63387664520181,-17.87499944860318,24.52464556538429,-30.562607436721343,36.07742358308953,9.128448759287586
187,188,99.97723084359775,0.0,0,-5.178802182932799,4.449181908620872,-3.9825862944968975,3.2460412163867716,35.44057336387952,27.096953371882833,23.951464390526326,7.137397650425463,-36.39885186918754,-3.388586603928971
188,189,99.69655710735779,0.0,0,-33.50406089634097,-18.732806682720152,16.284141831327844,-33.918682706135606,-22.01952248580392,-0.5713831629098678,27.92425164137876,-16.658586054932805,18.596078124897694,-31.632506625746558
189,190,99.82185903159939,0.0,0,-17.00622862179425,-19.909076105486125,-12.041433359017258,32.54610978448284,-15.549515958500258,18.22952114766614,-12.279161307483957,37.867315595500315,-15.878192804831755,-20.675422314347017
190,191,99.78812868954509,0.0,0,-4.648567762699763,-3.0522400297552394,22.8334136828247,-11.349257759134868,28.013057546385042,23.275834960076637,33.017514996665525,38.216719629113086,20.77406124621696,-22.336907972051787
191,192,99.99999999999892,0.0,0,38.73593628407906,12.454445261699256,24.262816131609895,-32.773385407458356,39.91859554685247,-30.56035587694165,-8.28188448224006,-29.41965042543466,-37.22216209760367,-21.930627931685148
192,193,99.99997553398966,0.0,0,30.55814018951787,-12.976438475535623,29.173105563185942,-24.71843750990675,21.25831417248591,18.952213630883854,-20.02525264747636,4.480072846564404,-32.15328865719934,-32.43007681184026
193,194,99.99346380736337,0.0,0,0.1303239866452799,-19.460404961111685,38.7267015857507,13.743231965605176,-29.75811355961038,-6.449866909458187,16.30956649998258,18.40406898250471,-25.68690023408633,2.24019558210982
194,195,99.99999999728566,0.0,0,39.94565763790561,-17.3923670711152,-37.3222399369089,-12.896501227591063,-14.89827761976948,35.01028463653657,15.990766464778346,-21.83965050705155,35.11521982046892,1.1807102772135494
195,196,99.99950185067154,0.0,0,31.934700819941526,-11.41310167042938,22.60231175471595,25.941695189166566,-9.803381939993226,10.353986607535226,36.570289764794055,35.47372384873253,24.642976757405833,31.56721132763448
196,197,99.99992510054567,0.0,0,12.561600643621759,-21.053377342459505,9.681373529748036,-20.523908852734902,28.43327595547879,-2.0928891231410844,39.673651022470324,27.296623366936345,37.16250415838468,18.013772506122834
197,198,99.53875831591186,0.0,0,-20.66960407529199,-31.214694988623716,11.738947768149124,13.355549361077898,1.9775570511135214,25.957975808061178,-17.7981923321196,28.69575511493855,-14.641961252444009,-39.520759404366046
198,199,99.38698768141413,0.0,0,-25.47990066418644,30.782155995702865,-18.212548662901554,22.32311154492603,-20.824445409052114,36.20505989870284,24.861631668732954,-12.046788596574466,-19.719249388097477,-38.49994227402201
199,200,99.99999240253989,0.0,0,6.894031054674471,-16.72198500559652,-36.220035146608026,-15.408787476813885,2.6473383477311643,12.157189199176642,5.002847769419283,25.158034723459465,-35.150330673952034,15.955198597570586
200,201,57.27810714190002,0.0,0,-34.44346618652344,16.59343719482422,-27.207279205322266,21.295387268066406,9.853042602539062,35.66223907470703,40.0,-1.0719413757324219,-27.076963424682617,16.536029815673828
201,202,49.27537087691475,0.0,0,-29.310504913330078,19.56130599975586,-40.0,27.079490661621094,13.54876708984375,30.674728393554688,40.0,10.411857604980469,-28.251449584960938,25.64635467529297
202,203,91.0516930181107,0.0,0,-13.020105361938477,7.97174072265625,-40.0,40.0,11.199974060058594,35.03820037841797,40.0,5.409797668457031,-20.448009490966797,-20.117786407470703
203,204,94.61027304099215,0.0,0,-40.0,4.174198150634766,-40.0,-18.878650665283203,19.391246795654297,31.599830627441406,40.0,4.608306884765625,-28.229209899902344,39.617767333984375
204,205,99.99998318059549,0.0,0,-26.855361938476562,29.307525634765625,-29.287887573242188,-21.89878273010254,20.365570068359375,-31.420631408691406,-7.307216644287109,40.0,-27.337417602539062,40.0
205,206,41.87988359464366,0.0,0,-40.0,40.0,15.777435302734375,40.0,9.691200256347656,35.66520690917969,40.0,6.700634002685547,-25.224712371826172,32.03461456298828
206,207,49.456344536934054,0.0,0,-40.0,-40.0,40.0,-0.687255859375,15.565673828125,40.0,-40.0,-35.997779846191406,-19.70623016357422,40.0
207,208,63.39431202960496,0.0,0,-40.0,-40.0,40.0,-40.0,18.17459487915039,40.0,-40.0,-29.116802215576172,-17.606651306152344,-40.0
208,209,69.65390925470248,0.0,0,-40.0,-40.0,40.0,40.0,8.758766174316406,2.728076934814453,-40.0,-35.95854187011719,-16.73856544494629,-34.506221771240234
209,210,100.0,0.0,0,40.0,-6.657085418701172,-40.0,25.248779296875,22.567214965820312,-40.0,39.24481964111328,40.0,5.493598937988281,-6.736133575439453
210,211,17.304032831777562,0.0,0,-40.0,-40.0,40.0,40.0,16.26746368408203,40.0,-40.0,-26.101863861083984,-15.391185760498047,40.0
211,212,17.492495414483198,0.0,0,-40.0,-40.0,40.0,40.0,15.815345764160156,40.0,16.233108520507812,-28.167224884033203,-15.693559646606445,40.0
212,213,24.877416929976743,0.0,0,-40.0,-40.0,40.0,40.0,18.54138946533203,40.0,-22.50332260131836,-29.75733184814453,-11.188325881958008,40.0
213,214,19.120540715460727,0.0,0,-40.0,-40.0,3.3346519470214844,40.0,16.36339569091797,40.0,-17.044384002685547,-27.860729217529297,-16.723634719848633,40.0
214,215,18.41080755569872,0.0,0,-40.0,2.2076416015625,39.75762176513672,40.0,16.329044342041016,40.0,-18.237573623657227,-28.142702102661133,-17.11444854736328,40.0
215,216,60.7736731770514,0.0,0,-40.0,-40.0,39.205039978027344,40.0,20.92844009399414,40.0,-10.50289535522461,-27.21837615966797,-18.564178466796875,40.0
216,217,38.641511404137404,0.0,0,-40.0,-26.104721069335938,30.623443603515625,40.0,10.692573547363281,40.0,-20.24683380126953,-28.242538452148438,-13.873954772949219,40.0
217,218,81.01741057850859,0.0,0,-40.0,-2.1624908447265625,11.69891357421875,20.948223114013672,17.065082550048828,40.0,-40.0,-28.343708038330078,-13.152702331542969,40.0
218,219,27.722480435185894,0.0,0,-40.0,-40.0,40.0,40.0,12.148956298828125,15.855354309082031,-3.7480697631835938,-27.777359008789062,-17.78519058227539,40.0
219,220,21.006702563667652,0.0,0,-40.0,-40.0,40.0,40.0,13.413726806640625,40.0,-3.460163116455078,-27.62367057800293,-16.4031982421875,-2.9097023010253906
220,221,78.37090695258028,0.0,0,-20.921003341674805,-40.0,40.0,40.0,14.62459945678711,40.0,-18.149093627929688,-29.594810485839844,-15.796091079711914,30.490402221679688
221,222,21.45580061822599,0.0,0,-40.0,-40.0,40.0,40.0,12.144798278808594,40.0,23.01508331298828,-21.443893432617188,-15.015954971313477,40.0
222,223,35.24001628369827,0.0,0,-40.0,-40.0,40.0,40.0,10.341724395751953,40.0,-14.506340026855469,-21.637924194335938,-20.61787223815918,36.91508483886719
223,224,13.621427450979775,0.0,0,-40.0,-40.0,40.0,40.0,15.171894073486328,22.049118041992188,0.2633209228515625,-24.657821655273438,-12.685815811157227,20.834903717041016
224,225,74.20944318005738,0.0,0,-40.0,40.0,2.7342758178710938,40.0,12.766441345214844,40.0,40.0,6.802120208740234,-31.272579193115234,-40.0
225,226,99.99999997146153,0.0,0,-19.403200149536133,-40.0,-40.0,-40.0,35.5919189453125,-40.0,40.0,16.682720184326172,-40.0,40.0
226,227,16.358842319620425,0.0,0,-40.0,-40.0,40.0,40.0,14.386390686035156,21.261459350585938,40.0,-26.838912963867188,-10.388908386230469,40.0
227,228,14.237366606280915,0.0,0,-40.0,-40.0,40.0,40.0,14.669486999511719,40.0,40.0,-25.610023498535156,-11.909952163696289,1.5342483520507812
228,229,21.03866812596925,0.0,0,-40.0,-40.0,40.0,6.2983245849609375,13.031585693359375,40.0,39.13053894042969,-26.69799041748047,-13.318330764770508,31.76940155029297
229,230,15.244854064145319,0.0,0,-40.0,-40.0,11.171661376953125,40.0,14.078880310058594,26.604469299316406,40.0,-25.526287078857422,-14.481889724731445,18.63815689086914
230,231,13.05754333799048,0.0,0,-40.0,-40.0,40.0,40.0,14.850685119628906,40.0,20.56066131591797,-24.11813735961914,-11.070743560791016,28.25360107421875
231,232,26.179962071743386,0.0,0,-40.0,-40.0,40.0,40.0,12.085155487060547,40.0,40.0,-26.66070556640625,-13.326948165893555,21.076183319091797
232,233,36.43278392909926,0.0,0,-40.0,-40.0,15.442562103271484,40.0,17.457218170166016,35.29834747314453,40.0,-23.10860252380371,-10.854286193847656,40.0
233,234,98.26387387731415,0.0,0,-40.0,40.0,-24.93128204345703,40.0,10.096931457519531,-15.601377487182617,40.0,5.74395751953125,-22.527406692504883,40.0
234,235,13.885121233185169,0.0,0,-40.0,-40.0,40.0,40.0,15.076976776123047,16.49199676513672,19.182159423828125,-25.2613525390625,-13.57931900024414,6.302791595458984
235,236,14.957392457532944,0.0,0,-40.0,-2.9289016723632812,40.0,40.0,14.367923736572266,26.048828125,39.98955535888672,-25.842586517333984,-15.684854507446289,13.358367919921875
236,237,19.266410413046565,0.0,0,-40.0,-40.0,40.0,23.961750030517578,16.183547973632812,12.271514892578125,40.0,-28.941795349121094,-13.513076782226562,9.672504425048828
237,238,14.008739221293975,0.0,0,-40.0,-27.20538902282715,40.0,40.0,14.77276611328125,26.832481384277344,15.986000061035156,-25.459041595458984,-14.03475570678711,17.746810913085938
238,239,31.425012479886618,0.0,0,-40.0,35.80247497558594,40.0,40.0,12.140998840332031,40.0,40.0,-29.4031982421875,-22.059680938720703,26.077774047851562
239,240,13.257746233867824,0.0,0,-40.0,-13.172901153564453,40.0,40.0,14.016719818115234,40.0,40.0,-22.730466842651367,-17.905263900756836,-20.89118194580078
240,241,12.442722196164393,0.0,0,-40.0,-12.738555908203125,-3.1679458618164062,40.0,13.527458190917969,40.0,40.0,5.235370635986328,-24.046361923217773,17.173019409179688
241,242,26.339557722205985,0.0,0,-40.0,-12.471992492675781,11.39813232421875,15.958503723144531,11.580154418945312,40.0,40.0,3.8769149780273438,-23.269168853759766,0.9589576721191406
242,243,21.085079408162777,0.0,0,-40.0,-40.0,40.0,40.0,16.690711975097656,10.85219955444336,22.46686553955078,-29.587665557861328,-4.733909606933594,-20.235437393188477
243,244,17.235960518637235,0.0,0,-40.0,-37.036346435546875,-17.496124267578125,40.0,13.452919006347656,40.0,40.0,-25.38473129272461,-20.94158363342285,-7.783313751220703
244,245,13.545472209417326,0.0,0,-40.0,-20.899940490722656,13.792282104492188,40.0,14.274261474609375,40.0,24.840614318847656,-24.2412109375,-19.58989143371582,18.51327896118164
245,246,35.81539054050295,0.0,0,-40.0,-40.0,2.0879440307617188,40.0,13.653533935546875,40.0,40.0,-19.70380401611328,-17.675790786743164,-36.13645553588867
246,247,27.915987134790612,0.0,0,-40.0,-40.0,-30.2381649017334,40.0,13.807113647460938,25.947982788085938,40.0,-30.666423797607422,-20.470291137695312,40.0
247,248,19.842645283634,0.0,0,-40.0,-3.3470535278320312,15.816059112548828,40.0,15.123550415039062,40.0,40.0,-28.817182540893555,-20.221885681152344,-25.220531463623047
248,249,34.84032832771318,0.0,0,-40.0,-40.0,6.021709442138672,8.439899444580078,13.010017395019531,40.0,40.0,-27.329879760742188,-20.327882766723633,8.794422149658203
249,250,13.302515583464075,0.0,0,-40.0,9.920951843261719,40.0,40.0,14.377769470214844,40.0,9.127616882324219,-24.132490158081055,-19.165571212768555,4.1739654541015625
250,251,99.99999962932931,0.0,0,2.2429962158203125,40.0,-21.580507278442383,-40.0,17.33922576904297,-13.762910842895508,-6.578044891357422,40.0,-11.429668426513672,40.0
251,252,99.99994291155238,0.0,0,-40.0,-40.0,40.0,40.0,16.555789947509766,-35.67070388793945,-3.070026397705078,-31.566328048706055,-6.016658782958984,40.0
252,253,60.315775127831294,0.0,0,-40.0,-40.0,-28.765594482421875,40.0,13.685134887695312,40.0,-33.41151428222656,-27.697248458862305,-24.267532348632812,9.63168716430664
253,254,12.164824597486925,0.0,0,-40.0,11.192459106445312,40.0,40.0,14.081390380859375,40.0,40.0,-20.607858657836914,-19.94561195373535,33.76515197753906
254,255,99.99989049821683,0.0,0,-27.692241668701172,-37.41164779663086,-40.0,-40.0,13.577224731445312,-10.554157257080078,12.277202606201172,40.0,16.168365478515625,40.0
255,256,25.486595610868253,0.0,0,-40.0,-40.0,40.0,21.178558349609375,15.688629150390625,32.47349548339844,31.937469482421875,-29.185829162597656,-7.915149688720703,-32.489601135253906
256,257,15.750771295672658,0.0,0,-35.706031799316406,10.352256774902344,0.9935531616210938,40.0,14.85103988647461,40.0,40.0,3.738880157470703,-23.754308700561523,33.279640197753906
257,258,28.07779184007888,0.0,0,-40.0,-40.0,40.0,40.0,17.52264404296875,40.0,40.0,-25.415512084960938,0.845001220703125,-7.798610687255859
258,259,288568.9120785832,0.0,0,-40.0,-40.0,40.0,-40.0,37.80146789550781,40.0,-13.022783279418945,6.5988311767578125,40.0,-12.158618927001953
259,260,99.72409881188433,0.0,0,-18.668903350830078,-19.854293823242188,29.743942260742188,-35.026363372802734,32.32301330566406,-7.7989501953125,-20.268096923828125,16.443771362304688,23.865184783935547,-32.77729034423828
260,261,94.73472913566823,0.0,0,-22.255149841308594,-20.182466506958008,31.118881225585938,-34.012847900390625,32.36146545410156,-4.234165191650391,-17.288429260253906,15.674957275390625,25.85590362548828,-24.944293975830078
261,262,14.996153663648363,0.0,0,-36.9511833190918,-21.187397003173828,18.511539459228516,25.50782012939453,14.70327377319336,34.932647705078125,7.530780792236328,-18.245738983154297,-18.764087677001953,15.307174682617188
262,263,19.433844477510355,0.0,0,-36.47181701660156,-27.079090118408203,26.658798217773438,25.060928344726562,14.282493591308594,34.113502502441406,5.1649017333984375,-20.708066940307617,-14.440805435180664,14.860214233398438
263,264,22.938893523625353,0.0,0,-34.08055114746094,-15.300064086914062,13.695915222167969,26.266769409179688,14.723590850830078,35.20892333984375,9.745574951171875,-15.191879272460938,-20.65973663330078,14.831958770751953
264,265,20.686785139925636,0.0,0,-35.728485107421875,-25.25335693359375,24.334510803222656,24.37554931640625,14.446605682373047,34.41465759277344,4.478359222412109,-20.014671325683594,-15.69232177734375,14.681037902832031
265,266,26.132349083460902,0.0,0,-33.17974090576172,-14.41276741027832,13.169342041015625,25.63538360595703,14.763923645019531,35.111846923828125,10.017570495605469,-14.842958450317383,-20.816482543945312,13.928421020507812
266,267,99.99982908994042,0.0,0,2.60772705078125,0.6723442077636719,2.397480010986328,-3.937763214111328,25.526954650878906,-11.61126708984375,13.305431365966797,2.530803680419922,32.849822998046875,0.9996070861816406
267,268,99.99981895159428,0.0,0,1.2100028991699219,-1.2202911376953125,1.6031074523925781,-5.8833465576171875,27.02629852294922,-12.099802017211914,11.258472442626953,0.32602691650390625,31.84320831298828,-0.17912673950195312
268,269,99.99933232214991,0.0,0,2.6012420654296875,7.707599639892578,5.854282379150391,3.4736404418945312,20.851165771484375,-9.224822998046875,7.877433776855469,2.0573463439941406,33.31379699707031,-2.219951629638672
269,270,34.26310065295368,0.0,0,-32.828208923339844,-24.674072265625,24.625778198242188,23.471721649169922,14.018062591552734,33.34503173828125,3.741992950439453,-18.568326950073242,-14.35409164428711,13.964805603027344
270,271,99.99921267099484,0.0,0,-2.368518829345703,-6.386016845703125,3.6023712158203125,-10.486162185668945,29.320220947265625,-9.103029251098633,-0.11737442016601562,-1.6233406066894531,27.88092803955078,-9.003660202026367
271,272,28.44879401888692,0.0,0,-32.78586959838867,-19.054624557495117,18.43829345703125,23.376625061035156,14.837654113769531,34.57062530517578,6.063495635986328,-16.972206115722656,-18.720401763916016,13.147361755371094
272,273,99.99982881278473,0.0,0,2.308727264404297,3.712696075439453,2.1014366149902344,-2.2196884155273438,23.653488159179688,-12.002708435058594,12.898792266845703,2.357555389404297,32.99922180175781,0.9687385559082031
273,274,99.99805760491562,0.0,0,4.823970794677734,9.578784942626953,8.120479583740234,5.330577850341797,14.610260009765625,-4.6837921142578125,1.5142364501953125,0.03131866455078125,32.22798156738281,-2.5569076538085938
274,275,41.98277115281073,0.0,0,-29.354589462280273,-9.273067474365234,9.308540344238281,22.950557708740234,14.957202911376953,33.86647033691406,11.571372985839844,-12.084970474243164,-22.457813262939453,11.405754089355469
275,276,99.99876607550195,0.0,0,-3.3854446411132812,-8.511951446533203,3.9657516479492188,-13.29458999633789,29.224349975585938,-5.518825531005859,-5.215908050537109,-0.09154510498046875,25.376182556152344,-14.061529159545898
276,277,53.773323774177925,0.0,0,-29.511930465698242,-22.672054290771484,23.18460464477539,22.25104522705078,13.10870361328125,31.231979370117188,3.8158607482910156,-16.908693313598633,-12.701570510864258,11.653282165527344
277,278,99.99984910802164,0.0,0,12.683830261230469,15.591697692871094,9.746074676513672,-0.8225021362304688,4.99932861328125,25.509231567382812,24.480575561523438,-7.450183868408203,30.973060607910156,-10.667106628417969
278,279,25.400044819649406,0.0,0,-33.8663330078125,-21.346248626708984,20.1578369140625,23.129928588867188,14.74270248413086,34.7513427734375,4.860008239746094,-18.630598068237305,-17.507568359375,13.104534149169922
279,280,47.185711655100775,0.0,0,-28.218555450439453,-6.491878509521484,6.486774444580078,22.478939056396484,14.99578857421875,33.397071838378906,12.982254028320312,-10.779029846191406,-23.461214065551758,10.164295196533203
280,281,99.9978830010095,0.0,0,-4.655128479003906,0.733245849609375,4.960174560546875,-15.305463790893555,-27.6806697845459,8.18832015991211,-4.987476348876953,-1.8955764770507812,17.17172622680664,-1.0172843933105469
281,282,99.99982815283309,0.0,0,-0.63427734375,-2.7321319580078125,0.6642532348632812,-7.979560852050781,28.66736602783203,-13.193845748901367,8.399070739746094,-2.3988113403320312,30.55243682861328,-1.4833030700683594
282,283,99.99948402472891,0.0,0,8.872566223144531,8.060867309570312,7.619823455810547,1.8920059204101562,10.388790130615234,0.8150444030761719,1.9481086730957031,0.5884513854980469,31.529266357421875,0.6990089416503906
283,284,83.90822060890036,0.0,0,-22.96938705444336,-17.353124618530273,18.495643615722656,18.97174072265625,10.881919860839844,26.177894592285156,4.315895080566406,-12.575458526611328,-10.466861724853516,6.079795837402344
284,285,99.99715815075942,0.0,0,0.32027435302734375,8.42669677734375,3.5999984741210938,0.24576568603515625,24.530685424804688,18.575366973876953,13.984146118164062,0.3010215759277344,16.597614288330078,-7.096134185791016
285,286,99.99908684540954,0.0,0,-2.862171173095703,-7.8455810546875,2.8025360107421875,-12.527557373046875,27.77198028564453,-2.3334274291992188,-5.189979553222656,1.8370742797851562,22.724952697753906,-14.451639175415039
286,287,99.99980271086966,0.0,0,11.426498413085938,14.769676208496094,7.9555816650390625,0.08306121826171875,4.46942138671875,24.215560913085938,22.588821411132812,-6.056968688964844,31.325958251953125,-8.128145217895508
287,288,23.307635226983532,0.0,0,-34.55489730834961,-22.050457000732422,20.374835968017578,22.83130645751953,14.743736267089844,34.967201232910156,4.47674560546875,-19.593656539916992,-17.05176544189453,12.858299255371094
288,289,99.99965923214259,0.0,0,1.4170036315917969,3.8902435302734375,3.466411590576172,-12.593633651733398,-24.451364517211914,16.599952697753906,-3.4347190856933594,-4.104545593261719,20.61202621459961,-1.1669731140136719
289,290,99.99907695753143,0.0,0,2.8750572204589844,9.515228271484375,5.801891326904297,4.064899444580078,17.665496826171875,-8.325445175170898,2.9427413940429688,1.3183403015136719,32.58624267578125,-2.9649658203125
290,291,65.74255429043201,0.0,0,-24.674419403076172,-2.5560379028320312,2.784210205078125,19.536399841308594,15.567092895507812,31.68347930908203,14.041767120361328,-7.907718658447266,-25.22573471069336,6.923492431640625
291,292,96.57822973435255,0.0,0,-16.861717224121094,-12.591938018798828,14.159194946289062,14.548408508300781,8.897407531738281,21.504077911376953,2.9518508911132812,-8.8077392578125,-8.856973648071289,1.6616096496582031
292,293,28.37650841555442,0.0,0,-33.62646484375,-15.468408584594727,12.62966537475586,24.650466918945312,14.295707702636719,35.20161437988281,8.223602294921875,-16.778125762939453,-19.888084411621094,12.338935852050781
293,294,99.99941551815087,0.0,0,-0.14563751220703125,-4.739421844482422,-1.6645011901855469,-6.539482116699219,23.701114654541016,2.4555282592773438,1.5872650146484375,4.040740966796875,18.48717498779297,-7.689014434814453
294,295,99.99906669529761,0.0,0,-1.7137870788574219,-4.942474365234375,-1.1021690368652344,-6.3241119384765625,-29.558685302734375,9.535484313964844,0.59814453125,-4.213222503662109,-27.032451629638672,-5.640003204345703
295,296,99.99684215453301,0.0,0,-6.046440124511719,0.27117919921875,4.2313232421875,-9.003393173217773,-25.701602935791016,9.860233306884766,-4.190803527832031,-2.7011032104492188,14.309520721435547,0.6083297729492188
296,297,99.99890215340307,0.0,0,-3.173259735107422,-8.830526351928711,4.071331024169922,-14.01301383972168,29.795310974121094,-6.978008270263672,-5.596534729003906,-0.16259765625,26.080055236816406,-13.53285026550293
297,298,99.99996505765709,0.0,0,-2.3982200622558594,7.038974761962891,-0.2091064453125,4.872489929199219,10.886272430419922,-17.809478759765625,4.778633117675781,8.30401611328125,-17.222457885742188,10.286857604980469
298,299,99.99415341040535,0.0,0,-0.6659202575683594,-2.186798095703125,2.834857940673828,3.0546035766601562,-11.909887313842773,12.998790740966797,-1.0151138305664062,-1.1788558959960938,2.2894821166992188,2.8484573364257812
299,300,96.07135423858554,0.0,0,-18.385555267333984,-10.47696304321289,11.992202758789062,12.4254150390625,11.469844818115234,9.634407043457031,2.5045242309570312,-5.12701416015625,-14.529644012451172,3.0762672424316406
300,301,99.99974628912739,0.0,0,9.622001647949219,10.089950561523438,5.1749114990234375,-0.05005645751953125,5.163330078125,11.984981536865234,9.603961944580078,-1.4883766174316406,31.668365478515625,1.4010848999023438
301,302,99.99999069505013,0.0,0,-6.289070129394531,8.287742614746094,-0.9428253173828125,-8.536430358886719,21.36785125732422,-22.29630470275879,10.18764877319336,-1.1856346130371094,32.2677001953125,6.363674163818359
302,303,99.99998410408368,0.0,0,-6.928752899169922,-0.04111480712890625,1.0334014892578125,9.804763793945312,17.73473358154297,-21.5945987701416,1.9813117980957031,2.3637619018554688,-7.997535705566406,6.359535217285156
303,304,99.04991701471447,0.0,0,-14.760734558105469,-0.495635986328125,-0.003894805908203125,8.261589050292969,20.964752197265625,24.16863250732422,8.41012954711914,-4.158725738525391,-26.73675537109375,2.2516250610351562
304,305,99.9992517182981,0.0,0,-1.82562255859375,-2.086872100830078,3.5604705810546875,-15.010120391845703,-28.896512985229492,3.6717529296875,-6.3522796630859375,0.4360237121582031,19.61932373046875,-3.5029029846191406
305,306,99.99454435098315,0.0,0,0.4453468322753906,0.7648887634277344,4.039466857910156,3.4881553649902344,-4.97271728515625,21.902271270751953,-4.978145599365234,3.8313140869140625,-4.487884521484375,1.76397705078125
306,307,99.99972901040678,0.0,0,0.54638671875,-8.25063705444336,-3.4918174743652344,-8.885679244995117,-27.25807762145996,-2.3743057250976562,-3.032062530517578,-3.41265869140625,-27.78619956970215,-0.130584716796875
307,308,99.99591619747076,0.0,0,0.263458251953125,9.986324310302734,3.398937225341797,1.7756690979003906,24.238502502441406,21.170101165771484,15.666221618652344,-0.0511932373046875,15.890121459960938,-6.737617492675781
308,309,99.99502884625133,0.0,0,-6.032569885253906,-0.05046844482421875,1.0459938049316406,2.58416748046875,-30.151683807373047,18.397518157958984,1.9464569091796875,-5.508453369140625,-25.32727813720703,-8.874835968017578
309,310,99.98169788807601,0.0,0,-9.248626708984375,-1.0321846008300781,4.319377899169922,6.335029602050781,10.612442016601562,-8.932096481323242,1.0135078430175781,3.3950576782226562,-12.757150650024414,3.7282142639160156
310,311,99.9987856391087,0.0,0,1.0600242614746094,-3.1014404296875,-0.127655029296875,4.771381378173828,-9.902278900146484,-8.861043930053711,0.41597747802734375,1.4751472473144531,0.2713584899902344,-0.17692184448242188
311,312,99.99987784094658,0.0,0,3.3497543334960938,2.1051406860351562,-0.24448776245117188,-11.08900260925293,-22.2841854095459,20.628131866455078,-2.0696678161621094,-4.064395904541016,24.309677124023438,-1.717010498046875
312,313,99.99953795741737,0.0,0,4.778411865234375,0.9714584350585938,6.909900665283203,-4.680656433105469,17.466617584228516,-4.111454010009766,-0.8771476745605469,3.54766845703125,27.363372802734375,-3.8628807067871094
313,314,99.98954448507399,0.0,0,-5.440101623535156,-0.5787773132324219,3.9760971069335938,1.3155517578125,-18.947933197021484,10.188003540039062,-1.4048538208007812,-4.995761871337891,7.855281829833984,1.8612823486328125
314,315,99.99998322750595,0.0,0,-1.6712913513183594,8.220626831054688,-0.12635421752929688,0.4347267150878906,14.75570297241211,-18.85523796081543,5.1186065673828125,7.822929382324219,-20.980106353759766,15.486091613769531
315,316,99.99999221289275,0.0,0,3.4504661560058594,-4.851055145263672,1.8113670349121094,4.806781768798828,-16.53516387939453,-17.773483276367188,0.16382598876953125,4.713573455810547,-11.237625122070312,2.3966064453125
316,317,96.68828461781831,0.0,0,-15.642013549804688,-12.856544494628906,12.193206787109375,14.174076080322266,12.781875610351562,23.69013214111328,6.563983917236328,-13.319042205810547,-4.167457580566406,-1.4677085876464844
317,318,99.94027576522214,0.0,0,-5.966808319091797,-1.086395263671875,-1.9406204223632812,6.211814880371094,23.146102905273438,17.33432388305664,3.429790496826172,-2.833648681640625,-31.718624114990234,-0.34690093994140625
318,319,99.86108347853926,0.0,0,-8.834365844726562,-6.475315093994141,6.458534240722656,7.242591857910156,3.9978561401367188,7.785526275634766,-2.598785400390625,-0.007656097412109375,-9.040449142456055,-2.755290985107422
319,320,99.99999859693611,0.0,0,3.5617904663085938,8.385662078857422,-6.557453155517578,6.941341400146484,0.7618560791015625,-21.01993179321289,1.2703399658203125,7.800544738769531,-18.264310836791992,6.132011413574219
320,321,99.99999787783142,0.0,0,-1.073455810546875,0.6569480895996094,1.2833442687988281,11.538139343261719,23.171302795410156,-22.54174041748047,4.105777740478516,-1.2934722900390625,-3.3965606689453125,1.20941162109375
321,322,99.99955235169872,0.0,0,1.1247482299804688,-7.56829833984375,-6.519779205322266,-5.579074859619141,21.160324096679688,-4.191860198974609,0.7359466552734375,3.7459716796875,15.299102783203125,-0.1056365966796875
322,323,93.91906048980236,0.0,0,-20.880615234375,-10.615283966064453,10.297233581542969,10.82220458984375,15.299667358398438,16.28261947631836,5.456943511962891,-7.902980804443359,-18.49582290649414,5.977230072021484
323,324,99.99662903529841,0.0,0,-0.6019363403320312,-2.5630645751953125,-0.6000938415527344,1.5810966491699219,-4.782253265380859,-5.511386871337891,-0.5643043518066406,3.9897537231445312,-6.483104705810547,-1.2251930236816406
324,325,99.79529096624263,0.0,0,-11.636695861816406,-0.5875167846679688,7.132118225097656,6.349159240722656,13.054306030273438,-3.0607261657714844,3.307209014892578,2.1677589416503906,-18.473512649536133,6.8465118408203125
325,326,99.99395755215511,0.0,0,-1.2690963745117188,-2.8414649963378906,-3.3665504455566406,2.0579490661621094,21.177196502685547,16.263038635253906,6.656002044677734,-1.3696823120117188,9.648796081542969,-1.8592529296875
326,327,99.9982676758726,0.0,0,2.6257667541503906,-0.013576507568359375,3.241802215576172,0.9663810729980469,-7.840564727783203,20.946544647216797,-2.0767974853515625,0.431060791015625,0.23902130126953125,4.94598388671875
327,328,85.00753846953015,0.0,0,-24.19595718383789,-16.28333854675293,13.182178497314453,18.644947052001953,9.474201202392578,23.85512924194336,4.603904724121094,-12.023237228393555,-15.003150939941406,7.0874176025390625
328,329,99.99938325496908,0.0,0,2.0071983337402344,3.5744895935058594,-0.6314811706542969,1.2929229736328125,8.157470703125,-9.433429718017578,2.153106689453125,4.135379791259766,32.12000274658203,3.6314697265625
329,330,99.99999133705911,0.0,0,-3.9654312133789062,3.9318618774414062,-0.563690185546875,7.0997772216796875,13.044296264648438,-21.28058624267578,3.5843734741210938,8.600067138671875,-12.223869323730469,9.330162048339844
330,331,99.99999004645666,0.0,0,3.1725845336914062,-2.811351776123047,-2.3580398559570312,2.8643112182617188,-10.255924224853516,-17.436067581176758,-2.7358131408691406,5.085605621337891,-16.60995864868164,1.530975341796875
331,332,94.39673698807714,0.0,0,-18.946840286254883,-2.0683364868164062,-0.5728073120117188,13.617446899414062,12.999286651611328,29.178451538085938,13.848018646240234,-3.875682830810547,-28.10613250732422,2.5888137817382812
332,333,99.92618616116698,0.0,0,-6.451591491699219,-4.378353118896484,7.8546142578125,7.066135406494141,1.3682327270507812,22.56006622314453,-5.632255554199219,1.6742286682128906,-7.2556610107421875,-0.47759246826171875
333,334,99.99997772918204,0.0,0,1.9947776794433594,-3.3877639770507812,-0.7575340270996094,3.7843856811523438,-3.5863723754882812,-16.47256851196289,-0.289642333984375,1.4758987426757812,3.6729354858398438,-1.7778701782226562
334,335,99.9997397915759,0.0,0,1.8346977233886719,-8.541299819946289,-2.903400421142578,-3.8743362426757812,-21.857492446899414,-10.766447067260742,-1.0383338928222656,-0.5117454528808594,-27.651193618774414,2.8304290771484375
335,336,99.99923475015022,0.0,0,-0.23101806640625,1.9161148071289062,2.4375457763671875,-6.613800048828125,-21.198078155517578,16.36554718017578,-1.8284263610839844,-3.5280380249023438,15.917068481445312,2.9111175537109375
336,337,99.99120952076973,0.0,0,-0.8824310302734375,-2.846485137939453,2.265186309814453,3.9217185974121094,-12.871726989746094,1.209991455078125,-0.7337989807128906,-0.32091522216796875,3.707042694091797,0.01702117919921875
337,338,99.99719119594894,0.0,0,3.4552993774414062,10.568523406982422,-2.7627182006835938,3.9451217651367188,0.28356170654296875,21.598087310791016,16.407020568847656,-0.7530250549316406,33.01404571533203,2.3468780517578125
338,339,99.7649005525828,0.0,0,-7.452136993408203,-7.488750457763672,3.6765670776367188,10.13797378540039,17.033344268798828,18.641300201416016,6.371120452880859,-7.900936126708984,2.0928115844726562,-4.2154541015625
339,340,99.98955959000062,0.0,0,-2.6560630798339844,-1.6997108459472656,2.6683387756347656,2.8226394653320312,-26.516345977783203,-0.7380828857421875,-2.125091552734375,3.1996116638183594,-21.03964614868164,0.5981063842773438
340,341,99.9999289486227,0.0,0,13.079078674316406,5.340385437011719,7.63873291015625,-3.755634307861328,9.702720642089844,4.9468994140625,3.8277664184570312,1.7381744384765625,28.397933959960938,1.0446548461914062
341,342,99.9989075283255,0.0,0,-2.5908241271972656,0.3483734130859375,-2.3175048828125,4.743160247802734,5.427112579345703,-11.155284881591797,-1.07733154296875,2.397235870361328,-6.619590759277344,0.13774490356445312
342,343,99.99985065258264,0.0,0,2.2267112731933594,-4.728839874267578,0.7749404907226562,3.8650283813476562,-13.237564086914062,-12.629213333129883,1.9671211242675781,5.628986358642578,-6.328403472900391,1.6161956787109375
343,344,99.99634497839193,0.0,0,-0.4992408752441406,-2.4925155639648438,0.5148468017578125,0.7364311218261719,22.379989624023438,4.1835174560546875,-2.4632492065429688,1.7909812927246094,-30.096538543701172,4.519847869873047
344,345,99.98798239052596,0.0,0,-1.9962348937988281,-2.2657546997070312,-0.87969970703125,4.751762390136719,-8.46432876586914,10.290027618408203,-5.391876220703125,5.312389373779297,-7.170738220214844,-1.3638763427734375
345,346,99.34858735493864,0.0,0,-11.810361862182617,-7.395881652832031,10.091327667236328,10.077804565429688,12.712703704833984,5.9734344482421875,3.2532272338867188,-5.22283935546875,-6.99560546875,-0.7303543090820312
346,347,99.99999847105713,0.0,0,6.8553619384765625,-2.6402740478515625,-3.8171653747558594,6.516605377197266,20.818286895751953,-19.206707000732422,8.229881286621094,1.8575363159179688,4.114742279052734,0.06650924682617188
347,348,99.99536957996615,0.0,0,-0.03417205810546875,-0.7312736511230469,1.8676567077636719,2.151866912841797,0.9901466369628906,4.280006408691406,-0.25909423828125,0.078277587890625,-0.3748664855957031,-2.2179489135742188
348,349,99.99957203205523,0.0,0,1.2178955078125,-0.6167564392089844,3.9149703979492188,-11.285099029541016,-26.54746437072754,5.720817565917969,-4.015659332275391,-0.3811607360839844,23.602962493896484,-5.436992645263672
349,350,99.99991856437333,0.0,0,19.983474731445312,18.253215789794922,17.177833557128906,-6.519844055175781,6.942897796630859,27.989990234375,28.44316864013672,-15.398588180541992,28.215293884277344,-20.678184509277344
350,351,99.99943422631847,0.0,0,-2.56732177734375,-7.654212951660156,-0.466094970703125,-10.661636352539062,20.898780822753906,-6.170646667480469,-0.7305870056152344,6.391548156738281,21.705989837646484,-4.087223052978516
351,352,99.90585327954474,0.0,0,-10.348018646240234,-1.144287109375,3.1831016540527344,3.3981170654296875,19.270061492919922,11.703887939453125,3.8245468139648438,-1.0690422058105469,-23.81817054748535,7.140327453613281
352,353,99.99999653291363,0.0,0,-2.5134239196777344,5.496826171875,-1.9282035827636719,-4.187290191650391,13.517250061035156,-22.313440322875977,6.762851715087891,2.7916107177734375,31.825027465820312,4.031177520751953
353,354,99.9960636527783,0.0,0,-0.6168746948242188,-2.8128204345703125,-0.4341468811035156,2.4108352661132812,-9.477884292602539,-5.5035552978515625,-3.0647735595703125,6.244972229003906,-12.632762908935547,0.32384490966796875
354,355,99.99989409484265,0.0,0,0.149444580078125,-5.248432159423828,-0.1820526123046875,1.400726318359375,-18.996810913085938,-14.347461700439453,-5.666736602783203,2.2825851440429688,-19.517112731933594,1.3822708129882812
355,356,99.99992743810795,0.0,0,-3.09698486328125,1.6865005493164062,-1.2414817810058594,-2.020069122314453,21.37078857421875,-16.71698570251465,2.464885711669922,5.129810333251953,-25.9277400970459,16.67825698852539
356,357,99.9981051247683,0.0,0,-6.873420715332031,-5.923286437988281,0.3469085693359375,-10.392341613769531,-27.585552215576172,-7.535148620605469,-6.015087127685547,3.7097244262695312,20.335655212402344,-1.2077865600585938
357,358,99.99324437985966,0.0,0,-0.076690673828125,-6.257667541503906,2.0895843505859375,3.5761795043945312,24.54486846923828,8.321296691894531,3.4080352783203125,-4.581428527832031,3.7676429748535156,-5.532562255859375
358,359,99.99930816430987,0.0,0,1.4963607788085938,1.0418319702148438,3.209320068359375,-5.225242614746094,25.302780151367188,10.201004028320312,8.226921081542969,6.1637725830078125,16.946990966796875,-11.786201477050781
359,360,99.98511788317118,0.0,0,-3.095855712890625,-3.1683578491210938,2.059040069580078,3.718341827392578,4.858589172363281,20.10808563232422,-0.16267776489257812,-3.5847320556640625,0.2666473388671875,-3.5380477905273438
360,361,99.99987303227053,0.0,0,4.628604888916016,-6.0977020263671875,-4.9696197509765625,-1.6263771057128906,21.238933563232422,-11.256282806396484,3.5638961791992188,2.234710693359375,10.383014678955078,1.8353462219238281
361,362,99.9999581412902,0.0,0,2.7808189392089844,-1.8580970764160156,-0.14956283569335938,1.9495620727539062,6.690162658691406,-14.836566925048828,2.0893402099609375,1.9546852111816406,3.4951629638671875,-0.7235221862792969
362,363,99.95135208659511,0.0,0,-7.028617858886719,-3.6958236694335938,2.9673423767089844,5.244213104248047,2.477680206298828,-2.77667236328125,-4.462657928466797,0.508392333984375,-14.461967468261719,-1.3403358459472656
363,364,99.99999881102511,0.0,0,3.7859039306640625,-4.638877868652344,2.0693740844726562,3.8569869995117188,-21.219608306884766,-21.226213455200195,-2.643512725830078,0.6961784362792969,-12.504131317138672,3.5438079833984375
364,365,99.99371225778421,0.0,0,0.12037277221679688,-4.573230743408203,-1.3493232727050781,3.606029510498047,13.6552734375,14.958553314208984,1.8010292053222656,2.228729248046875,-31.03302764892578,2.1222915649414062
365,366,99.99948314480085,0.0,0,4.218635559082031,5.5268402099609375,-1.2128448486328125,-2.157512664794922,17.667194366455078,20.62485122680664,16.070423126220703,4.963325500488281,16.052337646484375,-7.43267822265625
366,367,99.99801166524233,0.0,0,-6.233207702636719,1.4043197631835938,-0.5206642150878906,3.1040916442871094,17.818340301513672,-11.817062377929688,4.5523834228515625,-2.8808670043945312,-3.1434478759765625,0.18134689331054688
367,368,99.99983956306521,0.0,0,4.784564971923828,-1.8763046264648438,-4.298789978027344,-6.142036437988281,-16.980531692504883,20.822410583496094,2.7792129516601562,-2.6623077392578125,27.659835815429688,0.5233955383300781
368,369,99.99997099033914,0.0,0,-0.21493911743164062,1.8582725524902344,-3.890758514404297,3.4011611938476562,-1.7306365966796875,-17.071008682250977,1.2520561218261719,6.829803466796875,-11.762685775756836,2.0986862182617188
369,370,99.99999551799496,0.0,0,1.5676193237304688,11.527751922607422,-5.544528961181641,3.7496261596679688,6.382366180419922,-19.780385971069336,4.122802734375,6.685417175292969,-22.276098251342773,11.201744079589844
370,371,99.99999048209912,0.0,0,1.7233848571777344,3.1697158813476562,-5.584983825683594,5.723274230957031,-9.685752868652344,-18.252490997314453,-6.463569641113281,3.117176055908203,-23.080717086791992,7.2152862548828125
371,372,99.99757185115128,0.0,0,1.8534660339355469,-0.036777496337890625,1.6504325866699219,1.8470802307128906,-12.076452255249023,16.11432647705078,-0.20548248291015625,-1.7446975708007812,7.915275573730469,4.669891357421875
372,373,99.99999965890541,0.0,0,4.501121520996094,0.2557029724121094,0.08031845092773438,-0.8062477111816406,-3.6054611206054688,-23.2716064453125,-2.858856201171875,1.26654052734375,7.697105407714844,-1.2509307861328125
373,374,99.99990275010154,0.0,0,-0.54412841796875,-5.717689514160156,-3.4148597717285156,-4.7476806640625,28.00591278076172,-14.699087142944336,-2.3144607543945312,1.0092010498046875,-31.023666381835938,13.534759521484375
374,375,99.98859046129748,0.0,0,-4.153026580810547,1.2153053283691406,0.2216033935546875,10.201953887939453,-25.70469856262207,18.644813537597656,2.899871826171875,-2.2211761474609375,-20.902637481689453,-6.066181182861328
375,376,99.99998872366436,0.0,0,2.0342559814453125,-2.5055694580078125,-0.32396697998046875,4.71063232421875,-12.007270812988281,-17.76910972595215,0.18024444580078125,2.23870849609375,1.5313949584960938,-1.5992774963378906
376,377,99.99976659036739,0.0,0,0.37612152099609375,-0.43300628662109375,0.12926483154296875,2.640033721923828,-0.8192024230957031,-12.670858383178711,4.122047424316406,0.9598007202148438,-1.7235794067382812,-0.691925048828125
377,378,99.98178675438726,0.0,0,-5.400882720947266,1.9787559509277344,0.5276069641113281,3.186267852783203,15.9078369140625,-4.540386199951172,2.9065322875976562,4.503345489501953,-23.948444366455078,10.314945220947266
378,379,99.99891203638377,0.0,0,5.0017852783203125,3.890857696533203,1.4774665832519531,1.5841751098632812,2.2021522521972656,3.040802001953125,2.776508331298828,1.8096504211425781,31.91527557373047,5.894989013671875
379,380,85.21220941792726,0.0,0,-26.086441040039062,-8.745964050292969,2.8707542419433594,21.446578979492188,7.538570404052734,29.437286376953125,12.732475280761719,-11.937004089355469,-21.443777084350586,9.559551239013672
380,381,99.9999565605121,0.0,0,17.394874572753906,12.671630859375,11.635631561279297,-5.2742767333984375,8.087242126464844,19.68335723876953,19.579483032226562,-7.758907318115234,26.061004638671875,-11.892475128173828
381,382,99.96245807648056,0.0,0,-4.901103973388672,-2.5279541015625,-0.8593521118164062,7.698051452636719,-7.512088775634766,19.707305908203125,-5.3640289306640625,3.6054840087890625,-11.685140609741211,0.4264030456542969
382,383,99.99999927127541,0.0,0,-0.6302757263183594,7.053905487060547,-1.0849723815917969,-0.16273880004882812,18.308837890625,-24.37694549560547,2.416423797607422,7.419654846191406,-17.48626708984375,16.768783569335938
383,384,66.9566534808225,0.0,0,-24.783233642578125,-16.617338180541992,18.405834197998047,16.277202606201172,18.06393051147461,23.80524444580078,4.1728973388671875,-13.686590194702148,-9.424842834472656,4.607177734375
384,385,99.9749006588107,0.0,0,-2.5250930786132812,-2.71063232421875,3.0896034240722656,7.351398468017578,-20.67228126525879,-2.186756134033203,-3.6413040161132812,6.986976623535156,-14.788772583007812,-0.6317901611328125
385,386,99.99751585407452,0.0,0,1.5218162536621094,-2.0051956176757812,-3.9426727294921875,1.4414024353027344,10.823158264160156,12.701679229736328,1.7060089111328125,0.7298622131347656,7.19073486328125,-1.6884384155273438
386,387,99.98703135800966,0.0,0,-6.147830963134766,-6.472999572753906,6.644783020019531,-1.3025360107421875,-21.568700790405273,1.4682197570800781,-3.6389122009277344,1.429779052734375,12.248764038085938,-0.7372894287109375
387,388,99.99919784205882,0.0,0,-0.5985183715820312,-6.978065490722656,-4.891212463378906,-5.220317840576172,-22.563060760498047,7.427028656005859,5.946002960205078,-2.3613128662109375,-26.17613410949707,-1.1417465209960938
388,389,99.99988748947234,0.0,0,0.6108169555664062,-7.442558288574219,-8.508480072021484,2.0118675231933594,-14.769363403320312,-13.996610641479492,-1.5249595642089844,-1.7134513854980469,-30.401208877563477,2.686431884765625
389,390,99.98337465690891,0.0,0,-2.327178955078125,-4.693286895751953,0.43414306640625,5.113468170166016,-14.679325103759766,4.302864074707031,-0.7141647338867188,0.8732681274414062,-2.428722381591797,-0.31703948974609375
390,391,99.99994114523498,0.0,0,-6.269287109375,-0.267486572265625,5.050334930419922,-10.610862731933594,21.33849334716797,-18.712919235229492,-1.3888778686523438,-0.7397689819335938,26.920913696289062,1.5265350341796875
391,392,99.99893991822123,0.0,0,3.5659255981445312,-0.6150932312011719,-0.3514823913574219,0.146636962890625,-3.0855064392089844,-1.0389823913574219,-1.4162139892578125,2.0371971130371094,6.165275573730469,-0.3311347961425781
392,393,99.99999862228285,0.0,0,-1.7444877624511719,-3.6681785583496094,-0.11566925048828125,10.223102569580078,14.257503509521484,-23.708690643310547,5.096473693847656,1.3706932067871094,-1.4030418395996094,1.521209716796875
393,394,99.99996304237081,0.0,0,3.0066070556640625,-6.800254821777344,-4.1400299072265625,-5.9711456298828125,12.397590637207031,-14.714668273925781,2.834136962890625,6.920856475830078,12.768577575683594,4.585639953613281
394,395,99.99952183360867,0.0,0,4.489101409912109,4.7064971923828125,-3.369190216064453,-2.01080322265625,-5.2754669189453125,22.541732788085938,10.760082244873047,-2.8321876525878906,31.279052734375,2.025867462158203
395,396,99.98860245856396,0.0,0,-1.13751220703125,-4.11090087890625,2.5516357421875,4.647060394287109,13.287845611572266,1.6402053833007812,3.2883377075195312,-3.0377464294433594,0.3798484802246094,-4.4339599609375
396,397,99.46106368891814,0.0,0,-12.99769401550293,0.9848709106445312,-5.3797454833984375,7.737785339355469,23.670063018798828,27.196609497070312,10.776908874511719,-6.866359710693359,-31.589065551757812,-2.643665313720703
397,398,99.99999507818168,0.0,0,4.5638275146484375,2.317638397216797,-2.8052101135253906,4.246925354003906,0.8927536010742188,-18.099769592285156,3.5923538208007812,4.994041442871094,29.726036071777344,3.62744140625
398,399,99.99863803029709,0.0,0,0.8894691467285156,-7.216777801513672,-2.2825775146484375,-1.6544876098632812,24.487709045410156,4.100883483886719,3.089111328125,1.3141937255859375,10.652889251708984,-5.159553527832031
399,400,99.99728272970084,0.0,0,-8.96893310546875,2.5205459594726562,3.28338623046875,3.602947235107422,20.151119232177734,-12.644855499267578,0.95233154296875,2.2287216186523438,-10.90766716003418,4.554130554199219
