,N2(T),N(T),H(T),NH3(T),NH2(T),NH(T),N2(S),N(S),H(S),NH3(S),NH2(S),NH(S),TS4_N2(T),TS4_N2(S),loss
0,-2.287684315815568,-2.155333710834384,-3.712627924978733,1.9100888352841139,-0.46432215720415115,-0.38110431283712387,-3.2948784343898296,-0.5548039823770523,4.604598321020603,2.00737533159554,2.8973878547549248,0.6597522925585508,4.092281619086862,1.0157683957368135,0.061446976628247184
1,2.7430017944425344,-2.155333710834384,-3.712627924978733,1.9100888352841139,-0.46432215720415115,-0.38110431283712387,-3.2948784343898296,-0.5548039823770523,4.604598321020603,2.00737533159554,2.8973878547549248,0.6597522925585508,4.092281619086862,1.0157683957368135,0.06144697662942348
2,-2.287684315815568,3.716178135946393,-3.712627924978733,1.9100888352841139,-0.46432215720415115,-0.38110431283712387,-3.2948784343898296,-0.5548039823770523,4.604598321020603,2.00737533159554,2.8973878547549248,0.6597522925585508,4.092281619086862,1.0157683957368135,0.0614469766286968
3,-2.287684315815568,-2.155333710834384,-0.7237160485237837,1.9100888352841139,-0.46432215720415115,-0.38110431283712387,-3.2948784343898296,-0.5548039823770523,4.604598321020603,2.00737533159554,2.8973878547549248,0.6597522925585508,4.092281619086862,1.0157683957368135,0.06144697662942348
4,-2.287684315815568,-2.155333710834384,-3.712627924978733,2.2846317756921053,-0.46432215720415115,-0.38110431283712387,-3.2948784343898296,-0.5548039823770523,4.604598321020603,2.00737533159554,2.8973878547549248,0.6597522925585508,4.092281619086862,1.0157683957368135,0.06144697663233016
5,-2.287684315815568,-2.155333710834384,-3.712627924978733,1.9100888352841139,2.792608067393303,-0.38110431283712387,-3.2948784343898296,-0.5548039823770523,4.604598321020603,2.00737533159554,2.8973878547549248,0.6597522925585508,4.092281619086862,1.0157683957368135,0.06144697662490657
6,-2.287684315815568,-2.155333710834384,-3.712627924978733,1.9100888352841139,-0.46432215720415115,-4.002711893990636,-3.2948784343898296,-0.5548039823770523,4.604598321020603,2.00737533159554,2.8973878547549248,0.6597522925585508,4.092281619086862,1.0157683957368135,0.06144697662940277
7,-2.287684315815568,-2.155333710834384,-3.712627924978733,1.9100888352841139,-0.46432215720415115,-0.38110431283712387,-0.6928552221506834,-0.5548039823770523,4.604598321020603,2.00737533159554,2.8973878547549248,0.6597522925585508,4.092281619086862,1.0157683957368135,0.06144697385197826
8,-2.287684315815568,-2.155333710834384,-3.712627924978733,1.9100888352841139,-0.46432215720415115,-0.38110431283712387,-3.2948784343898296,3.963367184624076,4.604598321020603,2.00737533159554,2.8973878547549248,0.6597522925585508,4.092281619086862,1.0157683957368135,0.0347668226405034
9,-2.287684315815568,-2.155333710834384,-3.712627924978733,1.9100888352841139,-0.46432215720415115,-0.38110431283712387,-3.2948784343898296,-0.5548039823770523,2.2428922075778246,2.00737533159554,2.8973878547549248,0.6597522925585508,4.092281619086862,1.0157683957368135,0.063503476070199
10,-2.287684315815568,-2.155333710834384,-3.712627924978733,1.9100888352841139,-0.46432215720415115,-0.38110431283712387,-3.2948784343898296,-0.5548039823770523,4.604598321020603,0.7097694929689169,2.8973878547549248,0.6597522925585508,4.092281619086862,1.0157683957368135,0.0614472405685312
11,-2.287684315815568,-2.155333710834384,-3.712627924978733,1.9100888352841139,-0.46432215720415115,-0.38110431283712387,-3.2948784343898296,-0.5548039823770523,4.604598321020603,2.00737533159554,-4.294910319149494,0.6597522925585508,4.092281619086862,1.0157683957368135,0.06631919562233654
12,-2.287684315815568,-2.155333710834384,-3.712627924978733,1.9100888352841139,-0.46432215720415115,-0.38110431283712387,-3.2948784343898296,-0.5548039823770523,4.604598321020603,2.00737533159554,2.8973878547549248,2.1475078258663416,4.092281619086862,1.0157683957368135,0.061102167306947765
13,-2.287684315815568,-2.155333710834384,-3.712627924978733,1.9100888352841139,-0.46432215720415115,-0.38110431283712387,-3.2948784343898296,-0.5548039823770523,4.604598321020603,2.00737533159554,2.8973878547549248,0.6597522925585508,-1.7911071795970201,1.0157683957368135,0.061446976629337194
14,-2.287684315815568,-2.155333710834384,-3.712627924978733,1.9100888352841139,-0.46432215720415115,-0.38110431283712387,-3.2948784343898296,-0.5548039823770523,4.604598321020603,2.00737533159554,2.8973878547549248,0.6597522925585508,4.092281619086862,-3.5826024133712053,0.04350828069315786
15,-2.287684315815568,3.716178135946393,-0.7237160485237837,2.2846317756921053,2.792608067393303,-4.002711893990636,-0.6928552221506834,3.963367184624076,2.2428922075778246,0.7097694929689169,-4.294910319149494,2.1475078258663416,-1.7911071795970201,-3.5826024133712053,0.039982620869680026
16,2.7430017944425344,-2.155333710834384,-0.7237160485237837,2.2846317756921053,2.792608067393303,-4.002711893990636,-0.6928552221506834,3.963367184624076,2.2428922075778246,0.7097694929689169,-4.294910319149494,2.1475078258663416,-1.7911071795970201,-3.5826024133712053,0.039982620869680026
17,2.7430017944425344,3.716178135946393,-3.712627924978733,2.2846317756921053,2.792608067393303,-4.002711893990636,-0.6928552221506834,3.963367184624076,2.2428922075778246,0.7097694929689169,-4.294910319149494,2.1475078258663416,-1.7911071795970201,-3.5826024133712053,0.039982620869680026
18,2.7430017944425344,3.716178135946393,-0.7237160485237837,1.9100888352841139,2.792608067393303,-4.002711893990636,-0.6928552221506834,3.963367184624076,2.2428922075778246,0.7097694929689169,-4.294910319149494,2.1475078258663416,-1.7911071795970201,-3.5826024133712053,0.03998262086889561
19,2.7430017944425344,3.716178135946393,-0.7237160485237837,2.2846317756921053,-0.46432215720415115,-4.002711893990636,-0.6928552221506834,3.963367184624076,2.2428922075778246,0.7097694929689169,-4.294910319149494,2.1475078258663416,-1.7911071795970201,-3.5826024133712053,0.039982620869680026
20,2.7430017944425344,3.716178135946393,-0.7237160485237837,2.2846317756921053,2.792608067393303,-0.38110431283712387,-0.6928552221506834,3.963367184624076,2.2428922075778246,0.7097694929689169,-4.294910319149494,2.1475078258663416,-1.7911071795970201,-3.5826024133712053,0.039982620869680026
21,2.7430017944425344,3.716178135946393,-0.7237160485237837,2.2846317756921053,2.792608067393303,-4.002711893990636,-3.2948784343898296,3.963367184624076,2.2428922075778246,0.7097694929689169,-4.294910319149494,2.1475078258663416,-1.7911071795970201,-3.5826024133712053,0.03998255715594816
22,2.7430017944425344,3.716178135946393,-0.7237160485237837,2.2846317756921053,2.792608067393303,-4.002711893990636,-0.6928552221506834,-0.5548039823770523,2.2428922075778246,0.7097694929689169,-4.294910319149494,2.1475078258663416,-1.7911071795970201,-3.5826024133712053,0.054701650688827985
23,2.7430017944425344,3.716178135946393,-0.7237160485237837,2.2846317756921053,2.792608067393303,-4.002711893990636,-0.6928552221506834,3.963367184624076,4.604598321020603,0.7097694929689169,-4.294910319149494,2.1475078258663416,-1.7911071795970201,-3.5826024133712053,0.0341222802463622
24,2.7430017944425344,3.716178135946393,-0.7237160485237837,2.2846317756921053,2.792608067393303,-4.002711893990636,-0.6928552221506834,3.963367184624076,2.2428922075778246,2.00737533159554,-4.294910319149494,2.1475078258663416,-1.7911071795970201,-3.5826024133712053,0.03998942332925963
25,2.7430017944425344,3.716178135946393,-0.7237160485237837,2.2846317756921053,2.792608067393303,-4.002711893990636,-0.6928552221506834,3.963367184624076,2.2428922075778246,0.7097694929689169,2.8973878547549248,2.1475078258663416,-1.7911071795970201,-3.5826024133712053,0.020465918220781358
26,2.7430017944425344,3.716178135946393,-0.7237160485237837,2.2846317756921053,2.792608067393303,-4.002711893990636,-0.6928552221506834,3.963367184624076,2.2428922075778246,0.7097694929689169,-4.294910319149494,0.6597522925585508,-1.7911071795970201,-3.5826024133712053,0.03765151707611854
27,2.7430017944425344,3.716178135946393,-0.7237160485237837,2.2846317756921053,2.792608067393303,-4.002711893990636,-0.6928552221506834,3.963367184624076,2.2428922075778246,0.7097694929689169,-4.294910319149494,2.1475078258663416,4.092281619086862,-3.5826024133712053,0.039982620869680026
28,2.7430017944425344,3.716178135946393,-0.7237160485237837,2.2846317756921053,2.792608067393303,-4.002711893990636,-0.6928552221506834,3.963367184624076,2.2428922075778246,0.7097694929689169,-4.294910319149494,2.1475078258663416,-1.7911071795970201,1.0157683957368135,0.05265406986074082
29,2.7430017944425344,3.716178135946393,-0.7237160485237837,2.2846317756921053,2.792608067393303,-4.002711893990636,-0.6928552221506834,3.963367184624076,2.2428922075778246,0.7097694929689169,-4.294910319149494,2.1475078258663416,-1.7911071795970201,-3.5826024133712053,0.039982620869680026
30,1.1233367025852203,3.924193289130926,4.498885087668896,-2.579390024766326,3.7536028772592545,2.748925257474184,1.9531816616654396,1.2108343373984098,-2.6909837033599615,-4.664797093719244,-2.2942332457751036,-4.4844582956284285,-2.3166696913540363,-1.4764196518808603,0.05731049530200142
31,-2.2239634674042463,3.924193289130926,4.498885087668896,-2.579390024766326,3.7536028772592545,2.748925257474184,1.9531816616654396,1.2108343373984098,-2.6909837033599615,-4.664797093719244,-2.2942332457751036,-4.4844582956284285,-2.3166696913540363,-1.4764196518808603,0.05731049530200142
32,1.1233367025852203,-3.8582071010023355,4.498885087668896,-2.579390024766326,3.7536028772592545,2.748925257474184,1.9531816616654396,1.2108343373984098,-2.6909837033599615,-4.664797093719244,-2.2942332457751036,-4.4844582956284285,-2.3166696913540363,-1.4764196518808603,0.05731049530200142
33,1.1233367025852203,3.924193289130926,2.519281730055809,-2.579390024766326,3.7536028772592545,2.748925257474184,1.9531816616654396,1.2108343373984098,-2.6909837033599615,-4.664797093719244,-2.2942332457751036,-4.4844582956284285,-2.3166696913540363,-1.4764196518808603,0.05731049530571323
34,1.1233367025852203,3.924193289130926,4.498885087668896,-1.4254349190741777,3.7536028772592545,2.748925257474184,1.9531816616654396,1.2108343373984098,-2.6909837033599615,-4.664797093719244,-2.2942332457751036,-4.4844582956284285,-2.3166696913540363,-1.4764196518808603,0.05731049530200142
35,1.1233367025852203,3.924193289130926,4.498885087668896,-2.579390024766326,-2.2169432789087296,2.748925257474184,1.9531816616654396,1.2108343373984098,-2.6909837033599615,-4.664797093719244,-2.2942332457751036,-4.4844582956284285,-2.3166696913540363,-1.4764196518808603,0.05731049530200142
36,1.1233367025852203,3.924193289130926,4.498885087668896,-2.579390024766326,3.7536028772592545,3.094923859462142,1.9531816616654396,1.2108343373984098,-2.6909837033599615,-4.664797093719244,-2.2942332457751036,-4.4844582956284285,-2.3166696913540363,-1.4764196518808603,0.05731049530200142
37,1.1233367025852203,3.924193289130926,4.498885087668896,-2.579390024766326,3.7536028772592545,2.748925257474184,2.468655714765191,1.2108343373984098,-2.6909837033599615,-4.664797093719244,-2.2942332457751036,-4.4844582956284285,-2.3166696913540363,-1.4764196518808603,0.05731049702858261
38,1.1233367025852203,3.924193289130926,4.498885087668896,-2.579390024766326,3.7536028772592545,2.748925257474184,1.9531816616654396,-3.7323479168117046,-2.6909837033599615,-4.664797093719244,-2.2942332457751036,-4.4844582956284285,-2.3166696913540363,-1.4764196518808603,0.0771893379504246
39,1.1233367025852203,3.924193289130926,4.498885087668896,-2.579390024766326,3.7536028772592545,2.748925257474184,1.9531816616654396,1.2108343373984098,-2.476622425019741,-4.664797093719244,-2.2942332457751036,-4.4844582956284285,-2.3166696913540363,-1.4764196518808603,0.05695368819329668
40,1.1233367025852203,3.924193289130926,4.498885087668896,-2.579390024766326,3.7536028772592545,2.748925257474184,1.9531816616654396,1.2108343373984098,-2.6909837033599615,-1.576631385833025,-2.2942332457751036,-4.4844582956284285,-2.3166696913540363,-1.4764196518808603,0.057314698156187026
41,1.1233367025852203,3.924193289130926,4.498885087668896,-2.579390024766326,3.7536028772592545,2.748925257474184,1.9531816616654396,1.2108343373984098,-2.6909837033599615,-4.664797093719244,2.8177748899906874,-4.4844582956284285,-2.3166696913540363,-1.4764196518808603,0.053677788287353825
42,1.1233367025852203,3.924193289130926,4.498885087668896,-2.579390024766326,3.7536028772592545,2.748925257474184,1.9531816616654396,1.2108343373984098,-2.6909837033599615,-4.664797093719244,-2.2942332457751036,-3.470739061012864,-2.3166696913540363,-1.4764196518808603,0.05756679567525447
43,1.1233367025852203,3.924193289130926,4.498885087668896,-2.579390024766326,3.7536028772592545,2.748925257474184,1.9531816616654396,1.2108343373984098,-2.6909837033599615,-4.664797093719244,-2.2942332457751036,-4.4844582956284285,2.9700965248048306,-1.4764196518808603,0.05731049530200142
44,1.1233367025852203,3.924193289130926,4.498885087668896,-2.579390024766326,3.7536028772592545,2.748925257474184,1.9531816616654396,1.2108343373984098,-2.6909837033599615,-4.664797093719244,-2.2942332457751036,-4.4844582956284285,-2.3166696913540363,4.015160230919719,0.07242180434009644
45,1.1233367025852203,-3.8582071010023355,2.519281730055809,-1.4254349190741777,-2.2169432789087296,3.094923859462142,2.468655714765191,-3.7323479168117046,-2.476622425019741,-1.576631385833025,2.8177748899906874,-3.470739061012864,2.9700965248048306,4.015160230919719,0.08817833095696813
46,-2.2239634674042463,3.924193289130926,2.519281730055809,-1.4254349190741777,-2.2169432789087296,3.094923859462142,2.468655714765191,-3.7323479168117046,-2.476622425019741,-1.576631385833025,2.8177748899906874,-3.470739061012864,2.9700965248048306,4.015160230919719,0.08817833095700446
47,-2.2239634674042463,-3.8582071010023355,4.498885087668896,-1.4254349190741777,-2.2169432789087296,3.094923859462142,2.468655714765191,-3.7323479168117046,-2.476622425019741,-1.576631385833025,2.8177748899906874,-3.470739061012864,2.9700965248048306,4.015160230919719,0.08817833095692602
48,-2.2239634674042463,-3.8582071010023355,2.519281730055809,-2.579390024766326,-2.2169432789087296,3.094923859462142,2.468655714765191,-3.7323479168117046,-2.476622425019741,-1.576631385833025,2.8177748899906874,-3.470739061012864,2.9700965248048306,4.015160230919719,0.08817833095692602
49,-2.2239634674042463,-3.8582071010023355,2.519281730055809,-1.4254349190741777,3.7536028772592545,3.094923859462142,2.468655714765191,-3.7323479168117046,-2.476622425019741,-1.576631385833025,2.8177748899906874,-3.470739061012864,2.9700965248048306,4.015160230919719,0.0881783309573678
50,-2.2239634674042463,-3.8582071010023355,2.519281730055809,-1.4254349190741777,-2.2169432789087296,2.748925257474184,2.468655714765191,-3.7323479168117046,-2.476622425019741,-1.576631385833025,2.8177748899906874,-3.470739061012864,2.9700965248048306,4.015160230919719,0.08817833095700446
51,-2.2239634674042463,-3.8582071010023355,2.519281730055809,-1.4254349190741777,-2.2169432789087296,3.094923859462142,1.9531816616654396,-3.7323479168117046,-2.476622425019741,-1.576631385833025,2.8177748899906874,-3.470739061012864,2.9700965248048306,4.015160230919719,0.0881783311439057
52,-2.2239634674042463,-3.8582071010023355,2.519281730055809,-1.4254349190741777,-2.2169432789087296,3.094923859462142,2.468655714765191,1.2108343373984098,-2.476622425019741,-1.576631385833025,2.8177748899906874,-3.470739061012864,2.9700965248048306,4.015160230919719,0.06987761026022929
53,-2.2239634674042463,-3.8582071010023355,2.519281730055809,-1.4254349190741777,-2.2169432789087296,3.094923859462142,2.468655714765191,-3.7323479168117046,-2.6909837033599615,-1.576631385833025,2.8177748899906874,-3.470739061012864,2.9700965248048306,4.015160230919719,0.08823848693603889
54,-2.2239634674042463,-3.8582071010023355,2.519281730055809,-1.4254349190741777,-2.2169432789087296,3.094923859462142,2.468655714765191,-3.7323479168117046,-2.476622425019741,-4.664797093719244,2.8177748899906874,-3.470739061012864,2.9700965248048306,4.015160230919719,0.08817934630047389
55,-2.2239634674042463,-3.8582071010023355,2.519281730055809,-1.4254349190741777,-2.2169432789087296,3.094923859462142,2.468655714765191,-3.7323479168117046,-2.476622425019741,-1.576631385833025,-2.2942332457751036,-3.470739061012864,2.9700965248048306,4.015160230919719,0.08890236189020906
56,-2.2239634674042463,-3.8582071010023355,2.519281730055809,-1.4254349190741777,-2.2169432789087296,3.094923859462142,2.468655714765191,-3.7323479168117046,-2.476622425019741,-1.576631385833025,2.8177748899906874,-4.4844582956284285,2.9700965248048306,4.015160230919719,0.08843452531833
57,-2.2239634674042463,-3.8582071010023355,2.519281730055809,-1.4254349190741777,-2.2169432789087296,3.094923859462142,2.468655714765191,-3.7323479168117046,-2.476622425019741,-1.576631385833025,2.8177748899906874,-3.470739061012864,-2.3166696913540363,4.015160230919719,0.08817833095664113
58,-2.2239634674042463,-3.8582071010023355,2.519281730055809,-1.4254349190741777,-2.2169432789087296,3.094923859462142,2.468655714765191,-3.7323479168117046,-2.476622425019741,-1.576631385833025,2.8177748899906874,-3.470739061012864,2.9700965248048306,-1.4764196518808603,0.07552154698634625
59,-2.2239634674042463,-3.8582071010023355,2.519281730055809,-1.4254349190741777,-2.2169432789087296,3.094923859462142,2.468655714765191,-3.7323479168117046,-2.476622425019741,-1.576631385833025,2.8177748899906874,-3.470739061012864,2.9700965248048306,4.015160230919719,0.08817833095700446
60,4.863875629380345,-4.979855306446552,-0.29201927594840527,3.3494712598621845,2.3890784196555614,2.325775623321533,-0.5182487983256578,2.8224868327379227,-0.08915478363633156,-0.06133846007287502,-2.96640713699162,-0.12292308732867241,0.5613388400524855,3.569499356672168,0.06359368983440503
61,-3.823146438226104,-4.979855306446552,-0.29201927594840527,3.3494712598621845,2.3890784196555614,2.325775623321533,-0.5182487983256578,2.8224868327379227,-0.08915478363633156,-0.06133846007287502,-2.96640713699162,-0.12292308732867241,0.5613388400524855,3.569499356672168,0.06359368983440503
62,4.863875629380345,1.1992765218019485,-0.29201927594840527,3.3494712598621845,2.3890784196555614,2.325775623321533,-0.5182487983256578,2.8224868327379227,-0.08915478363633156,-0.06133846007287502,-2.96640713699162,-0.12292308732867241,0.5613388400524855,3.569499356672168,0.06359368983440503
63,4.863875629380345,-4.979855306446552,1.991089740768075,3.3494712598621845,2.3890784196555614,2.325775623321533,-0.5182487983256578,2.8224868327379227,-0.08915478363633156,-0.06133846007287502,-2.96640713699162,-0.12292308732867241,0.5613388400524855,3.569499356672168,0.06359368983440503
64,4.863875629380345,-4.979855306446552,-0.29201927594840527,3.459961637854576,2.3890784196555614,2.325775623321533,-0.5182487983256578,2.8224868327379227,-0.08915478363633156,-0.06133846007287502,-2.96640713699162,-0.12292308732867241,0.5613388400524855,3.569499356672168,0.06359368983440503
65,4.863875629380345,-4.979855306446552,-0.29201927594840527,3.3494712598621845,-2.7885302156209946,2.325775623321533,-0.5182487983256578,2.8224868327379227,-0.08915478363633156,-0.06133846007287502,-2.96640713699162,-0.12292308732867241,0.5613388400524855,3.569499356672168,0.06359368983440503
66,4.863875629380345,-4.979855306446552,-0.29201927594840527,3.3494712598621845,2.3890784196555614,-1.6654813010245562,-0.5182487983256578,2.8224868327379227,-0.08915478363633156,-0.06133846007287502,-2.96640713699162,-0.12292308732867241,0.5613388400524855,3.569499356672168,0.06359368983440503
67,4.863875629380345,-4.979855306446552,-0.29201927594840527,3.3494712598621845,2.3890784196555614,2.325775623321533,-3.3397613931447268,2.8224868327379227,-0.08915478363633156,-0.06133846007287502,-2.96640713699162,-0.12292308732867241,0.5613388400524855,3.569499356672168,0.06359367291315575
68,4.863875629380345,-4.979855306446552,-0.29201927594840527,3.3494712598621845,2.3890784196555614,2.325775623321533,-0.5182487983256578,-1.4006548561155796,-0.08915478363633156,-0.06133846007287502,-2.96640713699162,-0.12292308732867241,0.5613388400524855,3.569499356672168,0.07897083877029074
69,4.863875629380345,-4.979855306446552,-0.29201927594840527,3.3494712598621845,2.3890784196555614,2.325775623321533,-0.5182487983256578,2.8224868327379227,3.2543180231004953,-0.06133846007287502,-2.96640713699162,-0.12292308732867241,0.5613388400524855,3.569499356672168,0.05906729634452547
70,4.863875629380345,-4.979855306446552,-0.29201927594840527,3.3494712598621845,2.3890784196555614,2.325775623321533,-0.5182487983256578,2.8224868327379227,-0.08915478363633156,3.1784303300082684,-2.96640713699162,-0.12292308732867241,0.5613388400524855,3.569499356672168,0.06359743462405293
71,4.863875629380345,-4.979855306446552,-0.29201927594840527,3.3494712598621845,2.3890784196555614,2.325775623321533,-0.5182487983256578,2.8224868327379227,-0.08915478363633156,-0.06133846007287502,-2.4617929197847843,-0.12292308732867241,0.5613388400524855,3.569499356672168,0.06295781827545349
72,4.863875629380345,-4.979855306446552,-0.29201927594840527,3.3494712598621845,2.3890784196555614,2.325775623321533,-0.5182487983256578,2.8224868327379227,-0.08915478363633156,-0.06133846007287502,-2.96640713699162,-0.11876487173140049,0.5613388400524855,3.569499356672168,0.06359494554626509
73,4.863875629380345,-4.979855306446552,-0.29201927594840527,3.3494712598621845,2.3890784196555614,2.325775623321533,-0.5182487983256578,2.8224868327379227,-0.08915478363633156,-0.06133846007287502,-2.96640713699162,-0.12292308732867241,-2.991740284487605,3.569499356672168,0.06359368983440503
74,4.863875629380345,-4.979855306446552,-0.29201927594840527,3.3494712598621845,2.3890784196555614,2.325775623321533,-0.5182487983256578,2.8224868327379227,-0.08915478363633156,-0.06133846007287502,-2.96640713699162,-0.12292308732867241,0.5613388400524855,0.4260006919503212,0.05459623380273607
75,4.863875629380345,1.1992765218019485,1.991089740768075,3.459961637854576,-2.7885302156209946,-1.6654813010245562,-3.3397613931447268,-1.4006548561155796,3.2543180231004953,3.1784303300082684,-2.4617929197847843,-0.11876487173140049,-2.991740284487605,0.4260006919503212,0.06787529664307909
76,-3.823146438226104,-4.979855306446552,1.991089740768075,3.459961637854576,-2.7885302156209946,-1.6654813010245562,-3.3397613931447268,-1.4006548561155796,3.2543180231004953,3.1784303300082684,-2.4617929197847843,-0.11876487173140049,-2.991740284487605,0.4260006919503212,0.06787529664262164
77,-3.823146438226104,1.1992765218019485,-0.29201927594840527,3.459961637854576,-2.7885302156209946,-1.6654813010245562,-3.3397613931447268,-1.4006548561155796,3.2543180231004953,3.1784303300082684,-2.4617929197847843,-0.11876487173140049,-2.991740284487605,0.4260006919503212,0.06787529664270008
78,-3.823146438226104,1.1992765218019485,1.991089740768075,3.3494712598621845,-2.7885302156209946,-1.6654813010245562,-3.3397613931447268,-1.4006548561155796,3.2543180231004953,3.1784303300082684,-2.4617929197847843,-0.11876487173140049,-2.991740284487605,0.4260006919503212,0.06787529664270008
79,-3.823146438226104,1.1992765218019485,1.991089740768075,3.459961637854576,2.3890784196555614,-1.6654813010245562,-3.3397613931447268,-1.4006548561155796,3.2543180231004953,3.1784303300082684,-2.4617929197847843,-0.11876487173140049,-2.991740284487605,0.4260006919503212,0.06787529664234457
80,-3.823146438226104,1.1992765218019485,1.991089740768075,3.459961637854576,-2.7885302156209946,2.325775623321533,-3.3397613931447268,-1.4006548561155796,3.2543180231004953,3.1784303300082684,-2.4617929197847843,-0.11876487173140049,-2.991740284487605,0.4260006919503212,0.06787529664270008
81,-3.823146438226104,1.1992765218019485,1.991089740768075,3.459961637854576,-2.7885302156209946,-1.6654813010245562,-0.5182487983256578,-1.4006548561155796,3.2543180231004953,3.1784303300082684,-2.4617929197847843,-0.11876487173140049,-2.991740284487605,0.4260006919503212,0.06787529867239087
82,-3.823146438226104,1.1992765218019485,1.991089740768075,3.459961637854576,-2.7885302156209946,-1.6654813010245562,-3.3397613931447268,2.8224868327379227,3.2543180231004953,3.1784303300082684,-2.4617929197847843,-0.11876487173140049,-2.991740284487605,0.4260006919503212,0.047755351494016815
83,-3.823146438226104,1.1992765218019485,1.991089740768075,3.459961637854576,-2.7885302156209946,-1.6654813010245562,-3.3397613931447268,-1.4006548561155796,-0.08915478363633156,3.1784303300082684,-2.4617929197847843,-0.11876487173140049,-2.991740284487605,0.4260006919503212,0.07067923581190444
84,-3.823146438226104,1.1992765218019485,1.991089740768075,3.459961637854576,-2.7885302156209946,-1.6654813010245562,-3.3397613931447268,-1.4006548561155796,3.2543180231004953,-0.06133846007287502,-2.4617929197847843,-0.11876487173140049,-2.991740284487605,0.4260006919503212,0.06787480689227368
85,-3.823146438226104,1.1992765218019485,1.991089740768075,3.459961637854576,-2.7885302156209946,-1.6654813010245562,-3.3397613931447268,-1.4006548561155796,3.2543180231004953,3.1784303300082684,-2.96640713699162,-0.11876487173140049,-2.991740284487605,0.4260006919503212,0.06823840484237047
86,-3.823146438226104,1.1992765218019485,1.991089740768075,3.459961637854576,-2.7885302156209946,-1.6654813010245562,-3.3397613931447268,-1.4006548561155796,3.2543180231004953,3.1784303300082684,-2.4617929197847843,-0.12292308732867241,-2.991740284487605,0.4260006919503212,0.0678756769521279
87,-3.823146438226104,1.1992765218019485,1.991089740768075,3.459961637854576,-2.7885302156209946,-1.6654813010245562,-3.3397613931447268,-1.4006548561155796,3.2543180231004953,3.1784303300082684,-2.4617929197847843,-0.11876487173140049,0.5613388400524855,0.4260006919503212,0.06787529664270008
88,-3.823146438226104,1.1992765218019485,1.991089740768075,3.459961637854576,-2.7885302156209946,-1.6654813010245562,-3.3397613931447268,-1.4006548561155796,3.2543180231004953,3.1784303300082684,-2.4617929197847843,-0.11876487173140049,-2.991740284487605,3.569499356672168,0.07691148216364167
89,-3.823146438226104,1.1992765218019485,1.991089740768075,3.459961637854576,-2.7885302156209946,-1.6654813010245562,-3.3397613931447268,-1.4006548561155796,3.2543180231004953,3.1784303300082684,-2.4617929197847843,-0.11876487173140049,-2.991740284487605,0.4260006919503212,0.06787529664270008
90,-3.5477555356919765,1.7241459991782904,1.69330102391541,-1.5360494703054428,-3.393015619367361,-4.534448180347681,4.1841760743409395,-3.4591432381421328,2.0036861579865217,2.718698363751173,2.3204873688519,3.7907496467232704,-3.665066845715046,-3.9322278555482626,0.061958843468394684
91,1.212330786511302,1.7241459991782904,1.69330102391541,-1.5360494703054428,-3.393015619367361,-4.534448180347681,4.1841760743409395,-3.4591432381421328,2.0036861579865217,2.718698363751173,2.3204873688519,3.7907496467232704,-3.665066845715046,-3.9322278555482626,0.061958843468394684
92,-3.5477555356919765,-1.3801438175141811,1.69330102391541,-1.5360494703054428,-3.393015619367361,-4.534448180347681,4.1841760743409395,-3.4591432381421328,2.0036861579865217,2.718698363751173,2.3204873688519,3.7907496467232704,-3.665066845715046,-3.9322278555482626,0.061958843464761326
93,-3.5477555356919765,1.7241459991782904,-3.750057928264141,-1.5360494703054428,-3.393015619367361,-4.534448180347681,4.1841760743409395,-3.4591432381421328,2.0036861579865217,2.718698363751173,2.3204873688519,3.7907496467232704,-3.665066845715046,-3.9322278555482626,0.061958843464761326
94,-3.5477555356919765,1.7241459991782904,1.69330102391541,-2.756671030074358,-3.393015619367361,-4.534448180347681,4.1841760743409395,-3.4591432381421328,2.0036861579865217,2.718698363751173,2.3204873688519,3.7907496467232704,-3.665066845715046,-3.9322278555482626,0.061958843464761326
95,-3.5477555356919765,1.7241459991782904,1.69330102391541,-1.5360494703054428,2.221640422940254,-4.534448180347681,4.1841760743409395,-3.4591432381421328,2.0036861579865217,2.718698363751173,2.3204873688519,3.7907496467232704,-3.665066845715046,-3.9322278555482626,0.061958843464761326
96,-3.5477555356919765,1.7241459991782904,1.69330102391541,-1.5360494703054428,-3.393015619367361,0.1513942237943411,4.1841760743409395,-3.4591432381421328,2.0036861579865217,2.718698363751173,2.3204873688519,3.7907496467232704,-3.665066845715046,-3.9322278555482626,0.061958843464761326
97,-3.5477555356919765,1.7241459991782904,1.69330102391541,-1.5360494703054428,-3.393015619367361,-4.534448180347681,4.841510644182563,-3.4591432381421328,2.0036861579865217,2.718698363751173,2.3204873688519,3.7907496467232704,-3.665066845715046,-3.9322278555482626,0.06195884369955266
98,-3.5477555356919765,1.7241459991782904,1.69330102391541,-1.5360494703054428,-3.393015619367361,-4.534448180347681,4.1841760743409395,0.9816497098654509,2.0036861579865217,2.718698363751173,2.3204873688519,3.7907496467232704,-3.665066845715046,-3.9322278555482626,0.037257799886104045
99,-3.5477555356919765,1.7241459991782904,1.69330102391541,-1.5360494703054428,-3.393015619367361,-4.534448180347681,4.1841760743409395,-3.4591432381421328,-3.33048939704895,2.718698363751173,2.3204873688519,3.7907496467232704,-3.665066845715046,-3.9322278555482626,0.0680119672442647
100,-3.5477555356919765,1.7241459991782904,1.69330102391541,-1.5360494703054428,-3.393015619367361,-4.534448180347681,4.1841760743409395,-3.4591432381421328,2.0036861579865217,-4.1859806422144175,2.3204873688519,3.7907496467232704,-3.665066845715046,-3.9322278555482626,0.061958481231609575
101,-3.5477555356919765,1.7241459991782904,1.69330102391541,-1.5360494703054428,-3.393015619367361,-4.534448180347681,4.1841760743409395,-3.4591432381421328,2.0036861579865217,2.718698363751173,1.0479862336069345,3.7907496467232704,-3.665066845715046,-3.9322278555482626,0.06255347457165346
102,-3.5477555356919765,1.7241459991782904,1.69330102391541,-1.5360494703054428,-3.393015619367361,-4.534448180347681,4.1841760743409395,-3.4591432381421328,2.0036861579865217,2.718698363751173,2.3204873688519,4.264285424724221,-3.665066845715046,-3.9322278555482626,0.061893192545223054
103,-3.5477555356919765,1.7241459991782904,1.69330102391541,-1.5360494703054428,-3.393015619367361,-4.534448180347681,4.1841760743409395,-3.4591432381421328,2.0036861579865217,2.718698363751173,2.3204873688519,3.7907496467232704,1.7682334035634995,-3.9322278555482626,0.061958843468394684
104,-3.5477555356919765,1.7241459991782904,1.69330102391541,-1.5360494703054428,-3.393015619367361,-4.534448180347681,4.1841760743409395,-3.4591432381421328,2.0036861579865217,2.718698363751173,2.3204873688519,3.7907496467232704,-3.665066845715046,-2.171768508851528,0.06776601397945817
105,-3.5477555356919765,-1.3801438175141811,-3.750057928264141,-2.756671030074358,2.221640422940254,0.1513942237943411,4.841510644182563,0.9816497098654509,-3.33048939704895,-4.1859806422144175,1.0479862336069345,4.264285424724221,1.7682334035634995,-2.171768508851528,0.056502730982231866
106,1.212330786511302,1.7241459991782904,-3.750057928264141,-2.756671030074358,2.221640422940254,0.1513942237943411,4.841510644182563,0.9816497098654509,-3.33048939704895,-4.1859806422144175,1.0479862336069345,4.264285424724221,1.7682334035634995,-2.171768508851528,0.056502730982231866
107,1.212330786511302,-1.3801438175141811,1.69330102391541,-2.756671030074358,2.221640422940254,0.1513942237943411,4.841510644182563,0.9816497098654509,-3.33048939704895,-4.1859806422144175,1.0479862336069345,4.264285424724221,1.7682334035634995,-2.171768508851528,0.05650273102719402
108,1.212330786511302,-1.3801438175141811,-3.750057928264141,-1.5360494703054428,2.221640422940254,0.1513942237943411,4.841510644182563,0.9816497098654509,-3.33048939704895,-4.1859806422144175,1.0479862336069345,4.264285424724221,1.7682334035634995,-2.171768508851528,0.056502730982231866
109,1.212330786511302,-1.3801438175141811,-3.750057928264141,-2.756671030074358,-3.393015619367361,0.1513942237943411,4.841510644182563,0.9816497098654509,-3.33048939704895,-4.1859806422144175,1.0479862336069345,4.264285424724221,1.7682334035634995,-2.171768508851528,0.056502730982231866
110,1.212330786511302,-1.3801438175141811,-3.750057928264141,-2.756671030074358,2.221640422940254,-4.534448180347681,4.841510644182563,0.9816497098654509,-3.33048939704895,-4.1859806422144175,1.0479862336069345,4.264285424724221,1.7682334035634995,-2.171768508851528,0.056502730982231866
111,1.212330786511302,-1.3801438175141811,-3.750057928264141,-2.756671030074358,2.221640422940254,0.1513942237943411,4.1841760743409395,0.9816497098654509,-3.33048939704895,-4.1859806422144175,1.0479862336069345,4.264285424724221,1.7682334035634995,-2.171768508851528,0.05650272804048927
112,1.212330786511302,-1.3801438175141811,-3.750057928264141,-2.756671030074358,2.221640422940254,0.1513942237943411,4.841510644182563,-3.4591432381421328,-3.33048939704895,-4.1859806422144175,1.0479862336069345,4.264285424724221,1.7682334035634995,-2.171768508851528,0.07318217454479878
113,1.212330786511302,-1.3801438175141811,-3.750057928264141,-2.756671030074358,2.221640422940254,0.1513942237943411,4.841510644182563,0.9816497098654509,2.0036861579865217,-4.1859806422144175,1.0479862336069345,4.264285424724221,1.7682334035634995,-2.171768508851528,0.045523733785955166
114,1.212330786511302,-1.3801438175141811,-3.750057928264141,-2.756671030074358,2.221640422940254,0.1513942237943411,4.841510644182563,0.9816497098654509,-3.33048939704895,2.718698363751173,1.0479862336069345,4.264285424724221,1.7682334035634995,-2.171768508851528,0.056521254883090566
115,1.212330786511302,-1.3801438175141811,-3.750057928264141,-2.756671030074358,2.221640422940254,0.1513942237943411,4.841510644182563,0.9816497098654509,-3.33048939704895,-4.1859806422144175,2.3204873688519,4.264285424724221,1.7682334035634995,-2.171768508851528,0.05522545050617707
116,1.212330786511302,-1.3801438175141811,-3.750057928264141,-2.756671030074358,2.221640422940254,0.1513942237943411,4.841510644182563,0.9816497098654509,-3.33048939704895,-4.1859806422144175,1.0479862336069345,3.7907496467232704,1.7682334035634995,-2.171768508851528,0.056343472814103436
117,1.212330786511302,-1.3801438175141811,-3.750057928264141,-2.756671030074358,2.221640422940254,0.1513942237943411,4.841510644182563,0.9816497098654509,-3.33048939704895,-4.1859806422144175,1.0479862336069345,4.264285424724221,-3.665066845715046,-2.171768508851528,0.05650273098301628
118,1.212330786511302,-1.3801438175141811,-3.750057928264141,-2.756671030074358,2.221640422940254,0.1513942237943411,4.841510644182563,0.9816497098654509,-3.33048939704895,-4.1859806422144175,1.0479862336069345,4.264285424724221,1.7682334035634995,-3.9322278555482626,0.051416372049373604
119,1.212330786511302,-1.3801438175141811,-3.750057928264141,-2.756671030074358,2.221640422940254,0.1513942237943411,4.841510644182563,0.9816497098654509,-3.33048939704895,-4.1859806422144175,1.0479862336069345,4.264285424724221,1.7682334035634995,-2.171768508851528,0.05650273098301628
