,Run No,Loss,Reg. Loss,Repeat,N2(T),N(T),TS4_N2(T),N2(S),N(S),TS4_N2(S)
0,1,1.1434445182334831,0.009387815028660752,0,-12.300910220430916,-9.731661708707374,-15.717492168285375,4.18890235858688,-10.747951628116233,3.639972087837716
1,2,1.1434445182190867,0.009490322613831004,0,-12.915955731452463,-9.731661708707374,-15.717492168285375,4.18890235858688,-10.747951628116233,3.639972087837716
2,3,1.143444518230994,0.009468912209566643,0,-12.300910220430916,-10.218244794142743,-15.717492168285375,4.18890235858688,-10.747951628116233,3.639972087837716
3,4,1.1434445180738488,0.009518794130063127,0,-12.300910220430916,-9.731661708707374,-16.503366776699643,4.18890235858688,-10.747951628116233,3.639972087837716
4,5,1.1434445180482713,0.009422722548315643,0,-12.300910220430916,-9.731661708707374,-15.717492168285375,4.398347476516224,-10.747951628116233,3.639972087837716
5,6,1.1517011443356517,0.009477381292228382,0,-12.300910220430916,-9.731661708707374,-15.717492168285375,4.18890235858688,-11.285349209522046,3.639972087837716
6,7,1.1450872360352153,0.009418148129392732,0,-12.300910220430916,-9.731661708707374,-15.717492168285375,4.18890235858688,-10.747951628116233,3.821970692229602
7,8,1.1350155225373293,0.009424856927714912,0,-12.505925390771433,-9.893856070519167,-15.979450371090127,4.258717397896662,-10.21055404671042,3.7006382893016783
8,9,1.12553923357775,0.00939859474545818,0,-12.608432975941692,-9.974953251425063,-16.110429472492505,4.293624917551554,-9.673156465304608,3.730971390033659
9,10,1.1360316699279294,0.009477572295905724,0,-12.60843297594169,-9.974953251425056,-16.11042947249251,4.293624917551552,-10.38968657384569,3.4883065841778107
10,11,1.1352550153998624,0.00953782448571936,0,-12.710940561111949,-10.056050432330956,-16.241408573894883,4.328532437206443,-10.270264889088843,3.6197500206830613
11,12,1.1323752767533657,0.009479698063531033,0,-12.847617341338962,-9.515402559624993,-16.41604737576472,4.375075796746298,-10.111035976079712,3.6130093316315097
12,13,1.1284143891389147,0.00945474614250001,0,-12.209792366946242,-9.929899262032897,-16.64889911159117,4.437133609466104,-9.898730758734207,3.6040217462294413
13,14,1.1229147490610025,0.009404925297080185,0,-12.794465260139566,-9.99597844647474,-15.91153528147408,4.51987735975918,-9.615657135606867,3.592038299026683
14,15,1.1111310990157033,0.009347990880588719,0,-13.04124277999389,-10.128136815358424,-15.615619533861299,4.685364860345331,-9.049509889352183,3.5680714046211666
15,16,1.1111310990893117,0.009476086322918695,0,-13.041242779993889,-10.128136815358424,-16.663452345080323,4.406104703106204,-9.049509889352183,3.5680714046211657
16,17,1.1114195114587948,0.009420741250999613,0,-12.877989959167186,-9.93590646061853,-16.45485599840246,4.548320523922428,-8.961049382124887,3.7463251817621908
17,18,1.1033954494394673,0.009321461316279396,0,-12.831165506682007,-9.81476128914182,-16.39502603850261,4.586675699839532,-8.64406589789375,3.6570734656166497
18,19,1.0843106901639894,0.009213279731559413,0,-12.891277979467038,-9.694116717547253,-16.471834770806474,4.715747331156077,-7.830966402296205,3.6757351880834435
19,20,1.0897052642916012,0.009290781627810512,0,-12.709042272497685,-10.414980547821871,-16.238983034980016,4.653689518436268,-8.043271619641711,3.6847227734855137
20,21,1.0800304654259978,0.009261078710611704,0,-13.51328388207422,-10.162177607343626,-15.869492606949862,4.663817008706516,-7.63709045728972,3.7206107013062715
21,22,1.0495495247569673,0.00916424499466755,0,-14.165029639638206,-10.278316779998988,-15.479789354629204,4.7771587083267235,-6.506270306567476,3.7789051788446866
22,23,1.055499032423729,0.009239113524056652,0,-13.63350882764427,-10.218244794142766,-16.19774887342742,4.968503630879457,-6.8070360311402744,3.60963898710573
23,24,1.054290570508557,0.009156424442867564,0,-13.615791467244476,-10.351404362790714,-15.767619972525775,4.8538690601609265,-6.8011386639917895,3.5487231304917106
24,25,1.0316995727345095,0.008994525410931436,0,-13.644054875501302,-10.233596523861582,-15.260412834996405,5.145339666662056,-5.963221081644365,3.7205274829229174
25,26,0.9794861925611879,0.008753744954937807,0,-13.945460923255009,-10.28632637811316,-14.558893079954444,5.514957148439981,-4.420076677790455,3.796755522073793
26,27,0.9794861932182433,0.008924538878044452,0,-13.945460923255002,-10.28632637811316,-15.956003494913151,5.142610272121146,-4.420076677790453,3.796755522073793
27,28,0.969995020881343,0.00885966721423397,0,-14.689800981003645,-9.956597922413474,-15.238313480438812,5.337259198591836,-4.218583300217174,3.7174484027388717
28,29,0.8904859864692976,0.008644110007445697,0,-15.680180335256626,-9.727406609709274,-14.73797870316821,5.67904403866962,-2.306239140504907,3.7338112173655507
29,30,0.9033622327240247,0.008747445869113826,0,-15.437199392630827,-10.688558383408768,-14.427509722066265,5.59630028837654,-2.589312763632245,3.7457946645683116
30,31,0.8894930725145803,0.008557722858302311,0,-15.296198732782447,-10.321201503235255,-14.111515902324928,5.552809541152188,-2.207335378952168,3.8572760913668844
31,32,0.7847580990767672,0.008247865841139101,0,-16.127543685351533,-10.372679857781499,-13.06839941677368,5.844962496288552,0.09251494714188624,3.981094643497462
32,33,0.7877467367339083,0.008355496897325228,0,-16.151166832551255,-10.195133766250905,-13.641904617975875,5.997808590579927,0.08465179094390596,4.062315785649489
33,34,0.6894410450376972,0.008702723116888304,0,-16.263974391128546,-10.240493677793268,-13.317106990321335,6.481402236498532,1.9867574660233869,3.92660393956478
34,35,0.502194483605393,0.0095563405624266,0,-17.313446766873717,-10.221582126690407,-12.2357658081674,7.333524000584436,6.233271352318818,4.0004533199248264
35,36,0.6204964272568962,0.008948751549578722,0,-17.606205055384656,-10.210902662538178,-11.600813621122139,6.846255248858538,3.4516798472827874,3.976652862286018
36,37,0.5094196841940555,0.009675667301764609,0,-18.826453099427862,-10.185761424013187,-12.011897549803411,6.917674406012555,6.07559868897387,4.03661864235676
37,38,0.4761417707282502,0.009668820311934142,0,-18.464465865651054,-9.61593043225238,-11.338076850270639,7.2767893052880055,7.133138592351032,4.184520825791723
38,39,0.374557667609619,0.010561059660616334,0,-19.978099102161167,-9.079616456674188,-9.793360414372827,8.117033813743738,11.99436427034267,4.403883906403429
39,40,0.3795325361687132,0.010573030310339467,0,-19.654124511993434,-10.361152154940182,-9.379401772903567,8.006708813352963,11.616932772839553,4.419861836007112
40,41,0.35981269578779623,0.01077360974887758,0,-20.0,-9.948764461294974,-9.054641576405135,8.357577669033668,13.070135502022623,4.210539284509047
41,42,0.3519260697646149,0.011661930077366357,0,-20.0,-9.825579808817011,-6.761010055619764,9.53746220826054,19.56287735756198,4.284651033938827
42,43,0.3541084753089401,0.011800188564014585,0,-20.0,-9.58885168677622,-7.5256836572226895,9.741257000649036,19.55239314929801,4.3929458901415295
43,44,0.35756689968421235,0.01190321470016455,0,-20.0,-9.543278556765554,-7.634892798241083,9.704964832009216,20.0,4.536152013971478
44,45,0.3597114052550374,0.011720734327756681,0,-20.0,-9.354258839541334,-5.7648072857057,10.562642483520754,20.0,4.642697357772309
45,46,0.36473940053374604,0.011421565495069437,0,-20.0,-9.029330374481091,-3.3839528531878074,11.223165716594313,20.0,4.892944026153401
46,47,0.35948104965805067,0.011490169407719575,0,-20.0,-8.445819752744953,-4.241833915213055,11.622133204906236,20.0,4.631229573453213
47,48,0.3613272038190559,0.011482770064005814,0,-20.0,-9.516089883034535,-1.9773664406905382,12.680174668236294,20.0,4.72298939207349
48,49,0.34992691989174524,0.011931436885273084,0,-20.0,-9.728629134745447,-7.917911864376469,10.059712415933046,19.705090168953326,4.177277727630214
49,50,0.34244496223350945,0.01218637258037491,0,-20.0,-10.078278514877624,-10.1848913699708,9.477985765602412,19.557635253429993,3.8194445783686213
50,51,0.3470686127990964,0.012104766488459744,0,-20.0,-9.429265836806366,-12.060339919967157,7.535307163413101,19.557635253429993,4.046050757141835
51,52,0.34446276648074975,0.01199481294494322,0,-20.0,-9.616099212721245,-10.371409953039151,8.643727574759424,19.41018033790666,3.927460591232861
52,53,0.339649612112317,0.012393592377388206,0,-20.0,-10.914631452843054,-13.937575336140492,6.591434976658343,19.213573783875546,3.704338714811838
53,54,0.3296073979751188,0.012845303862222535,0,-20.0,-12.149037302892104,-18.78544604660421,4.076085862534395,18.82036067581332,3.2408932854911505
54,55,0.33223155781716157,0.012294576805629226,0,-20.0,-10.685758897531304,-14.261367535900174,6.63231035973042,18.820360675813312,3.36766336480013
55,56,0.32837574808525716,0.012562399022317417,0,-20.0,-11.005821504438998,-16.61580463647773,5.559702644117728,19.02395670202041,3.1691086468496117
56,57,0.31529541353140383,0.012750026730451286,0,-20.0,-11.714306413270386,-20.0,3.468925465852074,18.759738478381614,2.557190025203653
57,58,0.3182948654369616,0.012764443912292716,0,-20.0,-11.398668917215996,-20.0,3.740651855703403,18.745759534029645,2.7015831668072563
58,59,0.31356854454539146,0.012840412456844882,0,-20.0,-12.45145058269652,-19.140698381870955,4.477921797980942,18.48037639836152,2.49202758015939
59,60,0.2964654590961553,0.012761422505566987,0,-20.0,-13.962542955641595,-20.0,2.9492291152648633,17.941746970827282,1.7150159916681673
60,61,0.3000746539450207,0.012532709459827226,0,-20.0,-13.713431787755091,-20.0,1.4713352334697642,18.138353524858395,1.8731362128801319
61,62,0.287761787639906,0.012557494030283563,0,-20.0,-14.462970243224536,-20.0,-2.031806468084106,17.517804699811194,1.3323827705815416
62,63,0.25955579969174264,0.013504793330335866,0,-20.0,-16.655316107397994,-20.0,-7.786702584927365,16.497889423001794,0.08885186668800138
63,64,0.27388802129366624,0.013001659997593522,0,-20.0,-15.845342263859749,-20.0,-3.992468710431375,17.48092219315737,0.6912268181126571
64,65,0.2575488560215278,0.012801043756725899,0,-20.0,-15.614165512154834,-20.0,-4.1257624042239405,17.03444269893872,-0.03189192503786131
65,66,0.2200084242496641,0.013897197399198853,0,-20.0,-17.3467296167862,-20.0,-8.226686537603108,16.14148371050142,-1.6682845303023672
66,67,0.23625025443876926,0.013886136377408825,0,-20.0,-18.347220797687676,-20.0,-7.779441195161785,16.24095189954631,-0.9492043720571752
67,68,0.21217205651171941,0.014769692858461915,0,-20.0,-20.0,-20.0,-11.257170358981742,15.387377428915912,-1.9736093628738476
68,69,0.15794157020537056,0.016093404038749048,0,-20.0,-20.0,-20.0,-18.62021827139865,13.701196904183064,-4.239009056912598
69,70,0.18011097882425925,0.015635568685152916,0,-20.0,-20.0,-20.0,-15.956764628222237,14.52971017554735,-3.3269373071479036
70,71,0.14332776313603332,0.016406406552782186,0,-20.0,-20.0,-20.0,-20.0,13.588971131151819,-4.849468185541296
71,72,0.07025472734094489,0.016590715580910017,0,-20.0,-20.0,-20.0,-20.0,11.412583211314086,-8.131710274146027
72,73,0.0989501894003483,0.01646561238182433,0,-20.0,-20.0,-20.0,-20.0,12.027016248207303,-6.76665804273868
73,74,0.06357685232979361,0.016661535170203502,0,-20.0,-20.0,-20.0,-20.0,11.519757960098048,-8.44945306112292
74,75,0.06412307370952043,0.0169582162922791,0,-20.0,-20.0,-20.0,-20.0,9.030692228646174,-12.71860552502838
75,76,0.04843176162889884,0.016685740648189517,0,-20.0,-20.0,-20.0,-20.0,10.202964170404112,-9.911479718732991
76,77,0.10102834217317416,0.01692943128298398,0,-20.0,-20.0,-20.0,-20.0,7.183970305833014,-14.392617392070898
77,78,0.05844038694420652,0.016710509522674655,0,-20.0,-20.0,-20.0,-20.0,8.322925846083237,-11.940131289964672
78,79,0.07550171839136949,0.016836385740878996,0,-20.0,-20.0,-20.0,-20.0,7.865771271215934,-13.15254317405806
79,80,0.12238328339639869,0.016993465354711062,0,-20.0,-20.0,-20.0,-20.0,6.749142664924509,-15.211649463341852
80,81,0.06376093454915237,0.016825940931078958,0,-20.0,-20.0,-20.0,-20.0,8.487156224739149,-12.468489361734537
81,82,0.10598033884458345,0.016971330149487547,0,-20.0,-20.0,-20.0,-20.0,7.2433699797442195,-14.584610917181056
82,83,0.06108601995737326,0.016592041823740137,0,-20.0,-20.0,-20.0,-20.0,10.831104681091531,-8.721146261349274
83,84,0.09961968426088873,0.016519108818053255,0,-20.0,-20.0,-20.0,-20.0,12.393059426694123,-6.7215934816254155
84,85,0.051894206039073826,0.016757066510172565,0,-20.0,-20.0,-20.0,-20.0,8.997593310085481,-11.544805750949898
85,86,0.07099622391894075,0.01682022928777642,0,-20.0,-20.0,-20.0,-20.0,8.0412508528531,-12.880124873805407
86,87,0.05326081164458203,0.016648094007626617,0,-20.0,-20.0,-20.0,-20.0,10.569750121698839,-9.318813924060873
87,88,0.0833581285798476,0.016525721629790047,0,-20.0,-20.0,-20.0,-20.0,11.660875805081268,-7.493453973659005
88,89,0.04854472788421642,0.01675088610575672,0,-20.0,-20.0,-20.0,-20.0,9.28058611982468,-11.224730514715654
89,90,0.06596751345758495,0.016719911035849907,0,-20.0,-20.0,-20.0,-20.0,7.881883456297913,-12.437582758801533
90,91,0.051256142747955334,0.0166761291366151,0,-20.0,-20.0,-20.0,-20.0,10.610289334148014,-9.446485485542574
91,92,0.06295720468802882,0.016817433486604923,0,-20.0,-20.0,-20.0,-20.0,8.49693161965659,-12.407669299972943
92,93,0.050666937549862415,0.01664838973945633,0,-20.0,-20.0,-20.0,-20.0,10.247561415732797,-9.642777021005191
93,94,0.06370936568928362,0.016678259193264305,0,-20.0,-20.0,-20.0,-20.0,11.64665564454807,-8.42289951503772
94,95,0.04942552462246926,0.01670244694032207,0,-20.0,-20.0,-20.0,-20.0,9.153858295699445,-11.060823346232933
95,96,0.0528839002981191,0.01675879235254414,0,-20.0,-20.0,-20.0,-20.0,8.927867426932671,-11.624886688332204
96,97,0.048360830517424104,0.016731117766314762,0,-20.0,-20.0,-20.0,-20.0,9.338338100624213,-11.048368497264372
97,98,0.05423640355392809,0.016641170268712265,0,-20.0,-20.0,-20.0,-20.0,10.61360583539227,-9.23341577688134
98,99,0.04824318565422319,0.01672809244980749,0,-20.0,-20.0,-20.0,-20.0,9.401596441412178,-10.966958257432758
99,100,0.05627254348934352,0.01673942874666719,0,-20.0,-20.0,-20.0,-20.0,8.598012180417793,-11.838560299585389
0,1,0.067883946634886,0.009441194594552121,1,6.115159383971303,-11.585567589287272,-11.017431013891601,9.563544000226145,9.746820711574088,-8.618644868362324
1,2,0.06788394631065449,0.009492154256085218,1,6.420917353169869,-11.585567589287272,-11.017431013891601,9.563544000226145,9.746820711574088,-8.618644868362324
2,3,0.06788394705809891,0.00953774099112952,1,6.115159383971303,-12.164845968751637,-11.017431013891601,9.563544000226145,9.746820711574088,-8.618644868362324
3,4,0.06788394663488603,0.009533006519667883,1,6.115159383971303,-11.585567589287272,-11.568302564586181,9.563544000226145,9.746820711574088,-8.618644868362324
4,5,0.0678839973649956,0.009520890794554005,1,6.115159383971303,-11.585567589287272,-11.017431013891601,10.041721200237452,9.746820711574088,-8.618644868362324
5,6,0.06548511380733538,0.00952241810048191,1,6.115159383971303,-11.585567589287272,-11.017431013891601,9.563544000226145,10.234161747152793,-8.618644868362324
6,7,0.06148146252642869,0.00951301663512181,1,6.115159383971303,-11.585567589287272,-11.017431013891601,9.563544000226145,9.746820711574088,-9.04957711178044
7,8,0.06488884289929304,0.009492286237792143,1,6.217078707037492,-11.778660382442062,-11.201054864123128,9.085366800214837,9.909267723433658,-8.762288949501695
8,9,0.06388954395005755,0.009460284456770844,1,6.251051814726223,-11.07065347420784,-11.262262814200303,9.404151600222374,9.963416727386846,-8.810170309881485
9,10,0.06256072006599298,0.009440778240600129,1,6.2963492916445265,-11.47829381531239,-10.609378013377095,9.351020800221118,10.035615399324431,-8.874012123721204
10,11,0.06078643763709224,0.009532451381065229,1,6.356745927535604,-11.442535890654096,-11.024231897233511,9.280179733552774,10.131880295241213,-8.959134542174166
11,12,0.05724903151258425,0.009578079774321782,1,6.477539199317754,-11.371020041337509,-11.027632338904464,9.138497600216091,10.324410087074774,-9.129379379080085
12,13,0.057249031515198966,0.00951013355894432,1,6.069861907052998,-11.371020041337509,-11.027632338904462,9.138497600216091,10.324410087074778,-9.129379379080088
13,14,0.057317560010910415,0.00947577486736844,1,6.360520717278797,-11.299504192020922,-11.031032780575421,8.996815466879408,9.867151831470068,-9.299624215986011
14,15,0.055137911440455316,0.009500402939916958,1,6.306415397626376,-10.946692668725753,-10.790734902494657,9.445475555778907,10.178007224534667,-9.335091890341406
15,16,0.050603302448991486,0.00950446129097937,1,6.351083742920817,-10.530708811867598,-10.585574921680422,9.625529933560944,10.312376975085172,-9.621493360761264
16,17,0.051706470338688935,0.009547130332341105,1,6.305786266002508,-11.474718022846561,-10.503964321577518,9.200483533550894,10.240178303147587,-9.557651546921544
17,18,0.049856203489156654,0.009602087245758813,1,6.263634447203534,-11.065885750920067,-11.121711225134197,9.203435244662074,10.236167265817723,-9.721689540815273
18,19,0.04630916294700198,0.009682741748338155,1,6.247277024983038,-10.859681718723905,-11.37787783101275,9.12964246688255,10.33644319906437,-10.145528249362307
19,20,0.045404013137814066,0.009586423888975912,1,6.488863568547336,-10.716650020090729,-10.833807163660078,8.84627820020918,10.721502782731495,-9.911441598616662
20,21,0.0398897488012426,0.009623127515902961,1,6.675715660835351,-10.282191235492455,-10.741995238544316,8.487645300200697,11.2088438183102,-10.342373842034775
21,22,0.04281753098480536,0.00967278320624079,1,6.348567216425357,-10.663609098514254,-10.723859549632559,9.243283344663016,11.04840232511556,-10.008977703094008
22,23,0.04141766172258988,0.009692641063763729,1,6.732127796441943,-10.356289601589914,-10.626002394879544,9.136529792808641,10.832474815524442,-10.47242198133791
23,24,0.03840835334761285,0.009662881944866922,1,6.409313369885252,-10.018046121674054,-10.492125746871238,9.135873857006157,11.00182972500767,-10.920102848757185
24,25,0.04017019082193412,0.009705283030139502,1,6.375200455169001,-9.341559161842326,-10.224372450854624,9.134561985401191,11.340539543974117,-11.815464583595734
25,26,0.036186238994217496,0.009732415257689546,1,6.615575337828076,-9.428790839774164,-11.011847572629426,9.05235136482311,11.339945316221549,-10.945981114860938
26,27,0.035361936606188395,0.009825057720363769,1,6.770469873740861,-8.405827248237966,-11.265789198155378,8.978285280459218,11.889828822758531,-11.640145898830635
27,28,0.03533316290647833,0.009881949775512745,1,6.710073237849782,-9.664506196209917,-11.15697506468484,8.411556747112485,11.793563926841752,-11.555023480377677
28,29,0.04570301059426144,0.01007069401777943,1,6.889567985314265,-9.231404888381078,-11.442675136187049,7.804570153888257,12.53415740272004,-12.521788540185884
29,30,0.03216540498546945,0.00977007199387882,1,6.968145360076479,-8.937141448515614,-10.291037899909874,8.668082307200855,12.25520461212168,-11.50082033544842
30,31,0.035498959024896186,0.009813737116649159,1,7.328579527623198,-7.975871313411467,-9.747617934358438,8.437302227360007,13.214585318650336,-12.178466378491478
31,32,0.04083310142707009,0.009812460131855527,1,7.073381216517866,-8.557724852059053,-10.800782298049173,8.362707750266335,11.94551291507253,-12.13465175916819
32,33,0.03943792660597105,0.009832541963696517,1,6.803571776526588,-8.265522765806438,-10.956899420525394,8.211520621273273,12.532453124513008,-12.225284073534386
33,34,0.03598621424421907,0.009719416839551721,1,6.372381876453572,-9.966686819919762,-10.834158558181175,8.934946954151226,11.615061761445084,-10.5932650671595
34,35,0.04451493697872948,0.009940845896720528,1,6.668936170675494,-8.137052297962128,-10.923666724231651,8.959109955533709,12.487136839252376,-12.469173392667827
35,36,0.035276180167595844,0.009702557111107353,1,6.674020788295387,-9.745906501109873,-10.787413109966149,8.605511464033949,11.528417073545743,-10.874073729693038
36,37,0.043394589865378135,0.009688103164730599,1,6.497896392240523,-10.64718201274929,-10.65226710539749,9.366564915381357,10.828848849393811,-10.135859713221102
37,38,0.0345104688512563,0.009796432263955037,1,6.7271529304550715,-8.86093757754215,-10.880741341743418,8.500281694800293,12.106552055733209,-11.702927983456064
38,39,0.030905578945454225,0.00990227995658955,1,6.9981013190718,-8.508955808837705,-11.246579310675703,8.230347625579853,12.72771302580766,-11.701982649564595
39,40,0.03245923399432607,0.010021978962450868,1,7.292495293665073,-7.75441065241953,-11.623806092577937,7.777584509866699,13.590654676207656,-12.0929225499683
40,41,0.04275996198777669,0.009906699434250706,1,7.243605960042887,-8.074404773564648,-11.042020083530614,8.196408085577659,12.485364744157774,-12.398392958630645
41,42,0.03276554883834825,0.009766237488226467,1,6.5901878973509005,-9.493616308330983,-10.886123939518534,8.750312237007833,11.832637507123255,-11.044547040027286
42,43,0.03028055265516971,0.009781451809392891,1,6.785423970625612,-9.997860698610783,-10.48383435734413,8.077078744785869,12.191533910965905,-11.152979174025056
43,44,0.03017702214104863,0.009759648853907458,1,6.792901019067987,-10.793877423797191,-10.092856936938503,7.626475476949196,12.342386455069594,-10.909395811622268
44,45,0.028996126245723827,0.00968379278037549,1,6.873429866922759,-9.115638826501254,-10.237942448232552,8.382113521411508,12.470739649625294,-11.022892369559546
45,46,0.028133182191926016,0.00958471428280686,1,6.955108181459249,-8.841205141646924,-9.77842614000641,8.367391908561018,12.809327511017067,-10.756826814150479
46,47,0.028085656648871662,0.00982390450201404,1,7.003178114198441,-8.732671401780317,-10.271175412964663,8.108785619332401,13.162856648745077,-11.664759815063334
47,48,0.030604591368114515,0.009884578197467379,1,7.167756777149968,-8.226053852115538,-10.01305656446392,7.8604226969816295,13.980076436344746,-12.060102857748483
48,49,0.027049021351692456,0.0097391867618527,1,7.04205436661988,-9.574884933427425,-9.974658538261144,8.083516696743427,12.936823197561571,-10.823182838502731
49,50,0.02749456469449819,0.009710564010801524,1,7.199505084702285,-9.931858611370064,-9.521617136520007,7.875134197714992,13.35195876847575,-10.383310266026065
50,51,0.023904756539949636,0.009760364628790007,1,7.3296415561470445,-8.969295744337407,-9.665454140066899,7.61122097444775,13.578799642984293,-11.40777571475666
51,52,0.020610387207499373,0.009757428199071778,1,7.699368385545116,-8.70713546234062,-9.055119240341082,7.041675343167711,14.451880710914814,-11.589390052121345
52,53,0.021209202882340326,0.009752315524868643,1,7.195425101911011,-9.449101942094444,-9.848567293152623,7.151315249577012,13.888457904250249,-10.9810256582265
53,54,0.02411675338891011,0.009570119418250938,1,7.231243737195426,-10.19066962619127,-8.427021876545773,7.229372472530402,13.802864450045135,-10.539544346997623
54,55,0.017041465054139077,0.009649574042380865,1,7.582558276575053,-7.704678745363143,-9.025465896818726,7.700876953021462,14.675017019108385,-11.208847363398402
55,56,0.012289460239329671,0.009594536636617563,1,7.977386905328586,-6.160079406146117,-8.491770376758836,7.738077691057594,15.841332301127778,-11.35857313928647
56,57,0.016981234693883115,0.009827782731418362,1,7.761110688806905,-8.76364244901314,-8.911011439334963,6.750189115575166,15.21874422653114,-11.561998469248856
57,58,0.016447620567442527,0.009589885255345952,1,7.965684947603869,-8.882499871290685,-7.964874175166813,6.555929903551366,15.550510948065149,-10.619811686397842
58,59,0.009432801083483737,0.009624835826671719,1,8.234685555510426,-7.809491318931334,-7.591462928838885,6.072003228409654,16.647773649416514,-11.39359827892348
59,60,0.011288501107537789,0.009567660359081225,1,8.8310011499557,-6.926794511683287,-6.3998651241277535,5.066246494242769,18.50324887534399,-11.678805999133857
60,61,0.02173684920882867,0.0098121419730804,1,8.37997679103988,-6.399980523747512,-8.86057994131863,6.540357704582432,16.730035463390077,-11.961921414403871
61,62,0.014902963764257959,0.009751636334373034,1,8.092793527578767,-7.3476527993584515,-8.752190425125416,6.712611396569424,15.998242710053841,-11.60632714755231
62,63,0.01472866054272808,0.009629719469630831,1,8.714918234880212,-6.441065160265671,-7.073575568702708,6.472180309866626,17.3477036111195,-11.728873932950265
63,64,0.005058684427976103,0.00958203721894737,1,8.549491567691136,-6.42767487266118,-7.206509064301457,6.391988538508903,17.74955510452316,-11.167004165998392
64,65,0.007986476303503888,0.009494341728885169,1,8.974553158764149,-5.2879445778214595,-6.282203976281643,6.067145136179498,19.398392301327334,-10.955811222936916
65,66,0.0054125839069549,0.009429767515777126,1,8.750542890724091,-5.5925120272046716,-6.7824494069630745,6.564074573746023,17.826295214904174,-11.06273098112073
66,67,0.023401379084411856,0.009614292411993259,1,8.807587946300536,-4.37699199023179,-7.3344450817299816,6.761048675834708,18.25312324898317,-12.152557528879377
67,68,0.0106583576341134,0.00959598704450778,1,8.176160697278036,-7.756122901025961,-7.807266901807605,6.6072095966222015,16.226164023294654,-11.002998147018225
68,69,0.0065808002843027605,0.009400658236344431,1,8.708268422892061,-6.047995762719861,-6.232154323998774,6.56923324950091,17.881365258074748,-10.964932400880212
69,70,0.01396746703109984,0.009446221356657831,1,8.083927111594566,-6.823560269297371,-7.630295432186836,6.8420153160818025,16.709791572660848,-10.58773843812557
70,71,0.009800647798868297,0.009492095884901082,1,8.241674892415977,-6.727936492039446,-7.491115466315804,6.7495565645280085,16.86926958227551,-10.873022311831743
71,72,0.01042650661229184,0.00944725727243227,1,8.90955443684199,-7.293831718714701,-5.878548987316364,5.246610892714305,18.558808643035142,-10.796188955971122
72,73,0.004700053826911564,0.00939623027385022,1,8.955245224747191,-5.543691163064437,-5.920146490770515,5.923946085847065,18.95152512744843,-11.082827551223666
73,74,0.006447042919868562,0.009243984275267217,1,9.34478748848177,-4.437475294083676,-4.976586285251969,5.582314330459496,20.0,-11.122742253326386
74,75,0.00898012461517077,0.009527951046398373,1,8.237081747818305,-5.422602160158943,-7.862730239746471,7.5103231874658825,16.749786002512373,-11.385182940688289
75,76,0.006652654789464633,0.009495064154428669,1,8.903430244045092,-5.553385942874031,-6.374035351890589,6.260966389964805,18.399497203350958,-11.479069794446517
76,77,0.006959362231645553,0.009319066988577011,1,9.133334477128868,-3.7197959906297076,-5.867878697051406,7.0015074466015434,19.20490098752144,-10.986984332529119
77,78,0.011108235826531893,0.009346323749576562,1,9.429689194591177,-5.539083092892351,-4.931660871912133,5.3935822405905345,19.92126029609527,-10.862666801377923
78,79,0.005659879747419003,0.009482544222192921,1,8.535233609511522,-5.451722393342296,-7.129962897787886,6.981137950747046,17.542654575908095,-11.254553905860696
79,80,0.008115127052501907,0.009609700218603235,1,8.334069509408165,-7.819198063325786,-7.347207148186026,5.895608149503374,16.912063173881755,-11.350055267314286
80,81,0.004492436307152203,0.009391725296083567,1,8.933518235198692,-4.7446465088037275,-6.237710809835061,6.725032622327001,18.631691534111518,-11.077752066225411
81,82,0.010909250491603526,0.00939925676663655,1,8.574003072876474,-5.716028299724692,-6.795608979328335,6.790837950260844,17.79486506830575,-10.724197229323185
82,83,0.004415424580006546,0.009471112307480638,1,8.821073451252937,-5.594046532086696,-6.479428758750025,6.393434280038814,18.248339169589656,-11.290351653165683
83,84,0.0045195839144582485,0.00951714737509952,1,8.806766570149794,-5.070102069667808,-7.019914818803899,6.423971434237374,18.435321650753604,-11.346807706984649
84,85,0.004863176701622969,0.009446795773553224,1,9.070312370409756,-5.53916866448721,-6.085423552020124,5.826344560821349,19.071588024535416,-11.087937469045482
85,86,0.004051198260871617,0.009505248565894388,1,8.961592915759073,-5.380597909719015,-6.200595091197286,5.997497933514145,19.203044988749756,-11.288162556427032
86,87,0.005165802404719108,0.009542989090953016,1,9.067117928276566,-5.274640850976187,-5.909667933314392,5.714209613398207,19.891419875672547,-11.400878344080184
87,88,0.005105245553085341,0.00932738264503981,1,9.300011354814673,-4.196409409948451,-5.4412307761575125,6.0380871004196806,19.764281727206296,-11.224275501692247
88,89,0.003867038881760801,0.009518373575470479,1,8.73712151447202,-5.8698585069829985,-6.7651894922654705,6.303513178986597,18.253236760193943,-11.181321999921856
89,90,0.004934830131794548,0.009486483357739713,1,8.668126933450147,-5.195145565621015,-6.788904935187295,6.7627872841623144,18.169465052413557,-11.334470375603956
90,91,0.004042233259596092,0.009456717669599844,1,8.969766011169853,-5.453162889770661,-6.2612938978119175,6.060455241656591,18.84605728150495,-11.1495706956851
91,92,0.005027365609267904,0.009557211322692596,1,8.7880343412536,-5.160446975945865,-7.067897798784038,6.710688811073108,18.254372000852715,-11.361828008246246
92,93,0.003946057762090237,0.00943647553606081,1,8.913442503873792,-5.447880116284795,-6.207084317773896,6.120631767153576,18.7772368457995,-11.15257766547931
93,94,0.0055223368432023145,0.00940940360843039,1,8.97207164042566,-5.75996208488149,-5.697185970407322,6.1095502403215365,18.8845472092295,-11.033104505316814
94,95,0.0038493860152794693,0.00949021143343224,1,8.84809283771876,-5.242567073471228,-6.6892326067047545,6.345366135758415,18.54762804037258,-11.26838190656769
95,96,0.004411806819632974,0.009567654399895894,1,8.81684484288345,-6.251391167301403,-6.629897244999389,5.681933556709046,18.660156161291944,-11.365703426190144
96,97,0.004370296535865145,0.009520448085970582,1,8.927880090706042,-5.621106022423336,-6.438335458167549,5.7763649912206425,19.180780856381233,-11.178221096924695
97,98,0.005440211559252315,0.009408170555580221,1,8.969120448349729,-4.75366633891594,-6.224013042974237,6.51934285938761,18.94250542970871,-11.040375214145083
98,99,0.0037750590006396926,0.009527783438816977,1,8.85491374425002,-5.876959960205037,-6.528426194493101,5.891285882378687,18.730743478396136,-11.284371373178878
99,100,0.004189881099328372,0.009457821987120994,1,8.833763085041797,-5.469236129721241,-6.4456050752479275,6.463218388595362,18.271868275291055,-11.26324096882859
0,1,0.5192164065077929,0.012011282084798286,2,14.364041606067161,5.317261097433054,-1.5811423346972155,-19.478363180487822,18.427275669977234,12.899608620127218
1,2,0.51921640634695,0.01213098243151551,2,15.08224368637052,5.317261097433054,-1.5811423346972155,-19.478363180487822,18.427275669977234,12.899608620127218
2,3,0.5192164065130223,0.01205559259394356,2,14.364041606067161,5.583124152304706,-1.5811423346972155,-19.478363180487822,18.427275669977234,12.899608620127218
3,4,0.5192164065115497,0.012024458270920758,2,14.364041606067161,5.317261097433054,-1.6601994514320764,-19.478363180487822,18.427275669977234,12.899608620127218
4,5,0.5192153432168859,0.012098221554716976,2,14.364041606067161,5.317261097433054,-1.5811423346972155,-20.0,18.427275669977234,12.899608620127218
5,6,0.5171496562017214,0.012164842715381428,2,14.364041606067161,5.317261097433054,-1.5811423346972155,-19.478363180487822,19.348639453476096,12.899608620127218
6,7,0.5313700642251333,0.012118778823299349,2,14.364041606067161,5.317261097433054,-1.5811423346972155,-19.478363180487822,18.427275669977234,13.54458905113358
7,8,0.5063195052503113,0.012043014393792835,2,14.603442299501612,5.405882115723605,-1.6074947069421692,-19.65224212032521,18.73439693114352,12.25462818912086
8,9,0.4939546658839193,0.012005132179039575,2,14.72314264621884,5.45019262486888,-1.6206708930646458,-19.739181590243902,18.887957561726665,11.609647758114502
9,10,0.5100300631995922,0.012089380484847293,2,14.723142646218843,5.095708551706678,-1.6206708930646463,-19.739181590243906,18.887957561726665,12.469621666122983
10,11,0.5070830733029686,0.01214215554584559,2,14.842842992936067,5.287720758002871,-1.5284375902073084,-19.826121060162595,19.04151819230981,12.326292681454898
11,12,0.5032351858402161,0.012198956218983833,2,15.002443455225702,5.27787397819281,-1.589926458778867,-19.942040353387522,19.246265699753998,12.135187368564125
12,13,0.49823049121557816,0.012085813899585926,2,14.257641297874072,5.2647449384460625,-1.5928545001394174,-20.0,19.519262376346255,11.880380284709766
13,14,0.49175421087384663,0.012130538793177567,2,14.940376608779733,5.247239552117065,-1.5967585552868182,-19.57496259150858,19.88325794513593,11.540637506237282
14,15,0.47924905348320745,0.012044822565288653,2,15.22854411013602,5.212228779459071,-1.6045666655816193,-19.36244388726287,20.0,10.861151949292314
15,16,0.479595838014011,0.01201425097471346,2,15.228544110136024,5.212228779459069,-1.6045666655816189,-20.0,19.1790143438117,10.86115194929231
16,17,0.47733171632424454,0.012074329976305065,2,15.037910224623403,5.472621401102908,-1.5596700313865126,-19.884080706775055,19.736715162922813,10.754982331019654
17,18,0.4613961140323582,0.012039955728113793,2,15.19529401382568,5.661077825801025,-1.529169600547446,-19.956530265040634,20.0,9.89766266346799
18,19,0.4649428056356794,0.011987488309396157,2,15.035693551536045,5.405061550739433,-1.6521473376905635,-19.84061097181571,19.9026484682364,10.08876797635877
19,20,0.45577189700603316,0.011860198333062014,2,14.887176454683189,5.457304188065036,-1.61139876208957,-19.690881884733518,19.916695216953016,9.597733491847759
20,21,0.43184486687788426,0.011648834394175685,2,14.829542954411934,5.547019293001149,-1.6221349137449215,-19.565302650406515,20.0,8.329006553489577
21,22,0.43820054912997236,0.011827680817323173,2,15.822612497547444,5.564524679330148,-1.6182308585975216,-19.488023121589876,19.803944414912003,8.668749331962054
22,23,0.42478155870314077,0.011725782387198505,2,15.723601099645542,5.4171876777277514,-1.5896011208499177,-19.665122041794632,20.0,7.959182383173172
23,24,0.38936102306603465,0.01149343728808853,2,16.223830326358893,5.400685204157188,-1.5740662347425536,-19.628092267569997,20.0,6.133949695702505
24,25,0.40884867727097174,0.011545958178764467,2,15.549961707802645,5.717970331370271,-1.5955385380532565,-19.280334387895202,20.0,7.131944107465429
25,26,0.3844219419908573,0.01146962900666528,2,15.657100907024859,5.886550848674,-1.5925291622104685,-19.890520667509776,19.902197627716134,5.888874826856462
26,27,0.3342764379897706,0.011156272384414733,2,15.871379305469276,6.223711883281464,-1.5865104105248928,-20.0,19.8532964415742,3.402736265638538
27,28,0.3554267148307002,0.011249891287563974,2,16.128513383602577,5.966601521574317,-1.5230695143796342,-19.465483259018367,19.983098483925666,4.432581562883261
28,29,0.32192504873983047,0.010934069055329725,2,16.279986044571906,5.812426478437157,-1.6440138894668141,-19.185881630452684,19.88011311347062,2.8019931755791294
29,30,0.2463002919048654,0.01062973957505945,2,16.82233205994502,5.888100804755222,-1.7014360339264982,-18.800557313158706,19.820169670205928,-0.7458415683653001
30,31,0.2819676660598842,0.01065056274716019,2,15.985907414982671,6.016838333383056,-1.582687689859731,-19.425233504426394,20.0,0.8927095403092817
31,32,0.23543172377750576,0.010925685924893618,2,17.36443177830843,6.190950066506025,-1.5656345600839345,-19.30126426028304,19.88552153190193,-1.2463133522783396
32,33,0.1265701011001013,0.01195227944916751,2,18.631876190256676,6.512915453258461,-1.5373843832534408,-19.169245065221304,19.828282297852894,-6.033973305162299
33,34,0.16355582549868833,0.01155741998259396,2,17.671317852402396,6.284980735432963,-1.5728462175089941,-19.549202748569726,19.828282297852894,-4.4378900437967665
34,35,0.1046191730273082,0.01198015360037324,2,17.47994507586065,6.897031039737973,-1.5939118484085104,-19.1751483625615,19.77104306380386,-6.963842211866933
35,36,0.05474438936621559,0.013245836705799352,2,18.108002450611522,7.645203957528366,-1.6038346552414886,-18.948676410057253,19.656564595705788,-13.512738165651651
36,37,0.0048479414578149185,0.012814401091912415,2,18.235091707619947,6.890648867638861,-1.6718302823920472,-19.165488421459425,19.679099950471567,-11.244247321892658
37,38,0.19522458171756316,0.01433541958790052,2,19.288380869628632,7.352672540671133,-1.746210666398254,-19.01549100267996,19.52710068374452,-19.08266176428062
38,39,0.09416453074308152,0.01349552960577249,2,19.28012991980347,6.855850834050846,-1.6368293435358408,-18.3528011542976,19.750836495788825,-15.096729887158334
39,40,0.16561800268100246,0.01416812990661735,2,20.0,7.342395217505183,-1.6586992820930386,-18.57009019982828,19.521078435959303,-17.916516304318286
40,41,0.2184868098566658,0.014700126435353629,2,20.0,7.955897550383005,-1.525705354081785,-19.11794401998582,19.601211687671167,-20.0
41,42,0.13434046680507664,0.013993529397936041,2,19.570438500200996,7.43894836397606,-1.5696380240429635,-19.038597343279044,19.655951183304857,-16.687602972812346
42,43,0.16413674097675748,0.011518202171109902,2,17.165618873631665,6.533787519790003,-1.5387550198985531,-19.50458018113317,19.94526050436631,-4.421210927839734
43,44,0.08501397324182287,0.012180684104986773,2,17.874214155223747,6.735939444218798,-1.5687410854471746,-19.27095768580695,19.83921498726456,-7.795037271959373
44,45,0.19343849995782977,0.014336666802597563,2,19.561933122169727,7.741521571457502,-1.6232397071286582,-18.432719278137462,19.6417008722766,-19.018886264415457
45,46,0.07804921816412112,0.012252231687594864,2,18.143971669844227,6.649115944439098,-1.58544458991391,-19.270081880961662,19.78163694145882,-8.083139098951438
46,47,0.17588874151667164,0.011320124817141747,2,17.187323530918864,6.324276469735416,-1.6317167558850043,-19.020486195989022,19.855927239542623,-3.901018710779571
47,48,0.05412612485555815,0.013325178252737475,2,18.974659757880463,7.160280390415899,-1.5851577070034737,-19.034069556456537,19.7059451973643,-13.490956907304152
48,49,0.143266934772714,0.013819007700433601,2,18.24014703007112,7.466097692838828,-1.6798948379245373,-18.84477997112517,19.642817091498387,-17.04030957914357
49,50,0.06121716603179887,0.012418961511984034,2,18.53394390021029,6.7512110131535525,-1.573011996921215,-19.088128791697272,19.781915996264267,-8.785557373657618
50,51,0.1301437156552892,0.011916901512565812,2,17.343164627326594,7.0882823717473435,-1.5591774287705955,-19.906333094515432,19.730622727054275,-5.873828825980633
51,52,0.03668823201770198,0.01310087258247082,2,18.79588859668425,6.913958718474971,-1.6174163648445294,-18.741184139352058,19.745783053605187,-12.791004621863909
52,53,0.08796407931295179,0.013538476505846216,2,19.05630520572648,7.2675335196647834,-1.6434907799917136,-18.811585380854453,19.61110025769209,-14.84084389114777
53,54,0.04262169740099322,0.012520132205201632,2,18.16973691784943,6.868837963080294,-1.5874285090833093,-19.156114609568824,19.78218630487144,-9.556488926756472
54,55,0.09296386208987771,0.013556229095773713,2,18.795136107107737,7.427597692324884,-1.6274485819147775,-18.774472095235467,19.668861424635367,-15.043858673424051
55,56,0.03610766549541627,0.012578231039639572,2,18.306762779160103,6.843736381410544,-1.5959455879141269,-19.14617943453011,19.753443062252956,-9.823318992569591
56,57,0.0840506674228533,0.01344258911393638,2,18.329436836391615,7.356344413029426,-1.647525705238443,-18.975775398777465,19.659091391826145,-14.687360938355194
57,58,0.025470372968630077,0.012674868412472121,2,18.48281713425562,6.902494363122521,-1.5916404240005222,-19.060040443467322,19.751209845154737,-10.261008264832011
58,59,0.059091583797036086,0.012425391155678664,2,18.880316513871755,6.214781603852664,-1.6126383031711806,-19.152349124887508,19.815991208867608,-8.876270179421283
59,60,0.02595534108488428,0.013040725318269171,2,18.301080966426582,7.287598369109441,-1.6060355672239117,-18.999594588764815,19.696421248996245,-12.353621169094058
60,61,0.0675884492185321,0.01225123196391777,2,17.78913294278485,6.742144497196312,-1.638274538149342,-19.05546432259098,19.763435957753074,-8.518939525032081
61,62,0.023332964407582483,0.013056691680532544,2,18.67827805410656,7.055746417111003,-1.5984369147899407,-19.03941824799015,19.720317887461494,-12.247952561736135
62,63,0.050695926744190836,0.013235131169897257,2,18.763569494901592,7.095889742542152,-1.6396732046383837,-18.8945204822858,19.66657204444262,-13.350562050572979
63,64,0.019529192787000403,0.012698881946375536,2,18.318195062112473,6.925600907945759,-1.600489682972078,-19.09071607774807,19.753282739764238,-10.505007207710598
64,65,0.04738745481167662,0.012520393913929636,2,17.978186637876178,7.054649716971072,-1.6040431215863455,-19.42596159863458,19.705475191095225,-9.354047217414443
65,66,0.015626171368308097,0.01295575291533552,2,18.591463106982232,6.949131468098996,-1.6140730540299835,-18.912378504172686,19.735706087977697,-11.931765270751542
66,67,0.04256288805811936,0.013168876081992865,2,18.56221256467437,7.1600037495983155,-1.6315563872220349,-18.943032660004043,19.691902857689037,-13.02454827276941
67,68,0.01660957069777836,0.012725892300227899,2,18.370625225538667,6.922803223457487,-1.6048482877411039,-19.095392740898596,19.738058011111974,-10.623626312619546
68,69,0.03383610776550423,0.01260143746401617,2,18.59107579711192,6.594543380015434,-1.6210706480846473,-19.121550223147267,19.762803591650986,-9.917581144086775
69,70,0.011214105587862008,0.012930903354705925,2,18.37357967409792,7.114334621835939,-1.6097943374390957,-19.03008349736043,19.713016834659932,-11.744611162842236
70,71,0.029683189549446775,0.013052639350557827,2,18.37292714256364,7.050260805573494,-1.6415170957875609,-19.051118719742462,19.695283991994227,-12.50472834768556
71,72,0.011764325505159217,0.012769311146993546,2,18.455344636332626,6.939435973735264,-1.6041095919472819,-19.05781001253611,19.73722838186461,-10.821938285545398
72,73,0.030753228971654053,0.012575022571317743,2,18.103155083454727,6.858238603793099,-1.6366114973839228,-19.077871503401624,19.731812781155174,-10.04244595871786
73,74,0.010080637463051207,0.012936274403228847,2,18.5344973114436,7.006369463781526,-1.607980560438436,-19.049031561843016,19.723191610884914,-11.696575910981565
74,75,0.021781323688132445,0.013011963124425853,2,18.535338825225857,7.0153069649035995,-1.637055688357238,-19.012678835008685,19.68881755255933,-12.182580880500385
75,76,0.009258158533430927,0.012777152240888111,2,18.37248100289082,6.948027422185219,-1.609631184318368,-19.071206767063224,19.73716644296301,-10.924400625908046
76,77,0.02131310561785706,0.013002039417460235,2,18.483527254250383,7.026512715634446,-1.6342913824473002,-18.9999401805797,19.7037450918286,-12.164219880020937
77,78,0.007333699663751372,0.01279492907953598,2,18.398850732716596,6.948730596501727,-1.612209061417653,-19.07152960081887,19.729479781291133,-11.008774704469893
78,79,0.01838910821586921,0.01271857085708609,2,18.198485248051604,7.000050847127183,-1.6244452852876439,-19.236004782854337,19.70402157940069,-10.548417399795055
79,80,0.0075138028873493,0.012896457400773165,2,18.493218642249573,6.961861312856043,-1.6166661118443986,-18.993285073843097,19.727784960833446,-11.58592830301242
80,81,0.01521734592801031,0.012947394710021263,2,18.347228387340188,7.017221454531175,-1.638594254002718,-19.06906496159324,19.699351478503388,-11.912907724156872
81,82,0.006125740926811062,0.012813832037750482,2,18.428315574084515,6.958882343934242,-1.612730757461141,-19.060623749800392,19.727759156024305,-11.094680645198267
82,83,0.012931531638478662,0.012746778729990407,2,18.447238649570437,6.790505380463266,-1.6338883151849193,-19.106971560915568,19.728477132829525,-10.773591340978712
83,84,0.005823530461800305,0.012884872198527039,2,18.391994417966046,7.033377311492771,-1.6158178318755516,-19.049305513249216,19.71688190920233,-11.501856207376356
84,85,0.013323989263696039,0.012724273613233564,2,18.238820047732233,6.907473154421428,-1.63831451599795,-19.088114813568396,19.716199122710353,-10.756720024970985
85,86,0.005255660336667365,0.012883274205730027,2,18.46057799551576,6.981645386441501,-1.6155640493283145,-19.05880237477436,19.721443488841274,-11.46161193947892
86,87,0.010370460465435095,0.01291876976385492,2,18.43020202049333,6.977021184103164,-1.6386415137880008,-19.06180481091856,19.69698330592501,-11.707965747901458
87,88,0.005898782250664114,0.012812556621629818,2,18.386911257291445,6.955275862664705,-1.6168837666857763,-19.068856278027056,19.72712065870351,-11.120291906406399
88,89,0.010019390225555003,0.01277149767758876,2,18.274028586148532,6.96099214336856,-1.631679137875763,-19.16491690553334,19.70614335401126,-10.891225938595078
89,90,0.004978719882380813,0.012865217469977057,2,18.438421128224313,6.961644020484172,-1.6204193683522397,-19.036193031765656,19.7223745591279,-11.412252711908085
90,91,0.007914573650435743,0.012896455462306297,2,18.381586627517414,6.978427334383689,-1.6388729572807035,-19.074893522206494,19.702080126165832,-11.60287220628367
91,92,0.005565159534668453,0.012820310675228557,2,18.3945347064168,6.956154780972218,-1.6188750353834156,-19.072370581165778,19.72262986750981,-11.157299079923337
92,93,0.006525844303031342,0.01287971204991783,2,18.340861496926927,6.967366399297168,-1.640399353877974,-19.089714983680096,19.70209098859449,-11.537839077130318
93,94,0.005139957724850095,0.012830302040792321,2,18.406452054795118,6.961003357774974,-1.619647906565349,-19.06789655827032,19.721342114166852,-11.205470253181279
94,95,0.006582866653895109,0.012886902605759322,2,18.388779412887878,6.972882045603462,-1.6371677246131968,-19.08116254886786,19.70080330440307,-11.54062059818048
95,96,0.00498253831767092,0.012831143117662196,2,18.387378296190555,6.959677408399394,-1.6219547561676313,-19.07193284573726,19.720541320128397,-11.225374079349919
96,97,0.006337140920191892,0.01279667733524048,2,18.382157544954786,6.870213962410936,-1.6402793008541143,-19.108255757808386,19.712261857546274,-11.066895587868377
97,98,0.004909590088617214,0.012862823482705402,2,18.38953519971323,6.992586474222312,-1.6219331991201922,-19.06404307438901,19.715726896288317,-11.393116052499362
98,99,0.005608540130271101,0.012875409794364577,2,18.377950754269513,6.959580390681518,-1.638241485258509,-19.082414854299564,19.70421290883163,-11.490058372846732
99,100,0.004931676638608198,0.012834085455012568,2,18.390388718379977,6.957011183399543,-1.623716647852189,-19.074881649449225,19.718025627840262,-11.240488903154187
0,1,0.27017943826879937,0.00508033938383897,3,-4.118620292946037,1.6075981012476213,-2.7318989589350764,5.824894258241002,15.600218275154177,0.5988064165098983
1,2,0.2701794384186732,0.005114661219613519,3,-4.324551307593339,1.6075981012476213,-2.7318989589350764,5.824894258241002,15.600218275154177,0.5988064165098983
2,3,0.27017943826879937,0.005093736034682697,3,-4.118620292946037,1.6879780063100025,-2.7318989589350764,5.824894258241002,15.600218275154177,0.5988064165098983
3,4,0.27017943826879937,0.005103105208496763,3,-4.118620292946037,1.6075981012476213,-2.8684939068818305,5.824894258241002,15.600218275154177,0.5988064165098983
4,5,0.27017948555922267,0.0051288801693243095,3,-4.118620292946037,1.6075981012476213,-2.7318989589350764,6.1161389711530525,15.600218275154177,0.5988064165098983
5,6,0.27065420953327046,0.005210341202798588,3,-4.118620292946037,1.6075981012476213,-2.7318989589350764,5.824894258241002,16.380229188911887,0.5988064165098983
6,7,0.2708429339457182,0.005085329437309884,3,-4.118620292946037,1.6075981012476213,-2.7318989589350764,5.824894258241002,15.600218275154177,0.6287467373353932
7,8,0.26962636932872563,0.005158358302275064,3,-4.187263964495138,1.6343914029350817,-2.7774306082506612,5.921975829211684,15.860221913073413,0.5688660956844034
8,9,0.2690412827949495,0.005194872734757655,3,-4.221585800269688,1.6477880537788119,-2.8001964329084537,5.970516614697026,15.99022373203303,0.5389257748589085
9,10,0.26971822321352956,0.005028190380772715,3,-4.221585800269688,1.6477880537788123,-2.8001964329084537,5.970516614697027,14.950209180356083,0.5788462026262351
10,11,0.2695607274511263,0.005076088151396461,3,-4.255907636044238,1.661184704622542,-2.822962257566246,5.630731116299634,15.513550395847762,0.5721927979983474
11,12,0.2693568680295846,0.005077449411701569,3,-4.027095397547237,1.6790469057475157,-2.853316690443303,5.857254781897895,15.484661102745623,0.5633215918278303
12,13,0.269084754711195,0.005080453490553259,3,-4.202518113728271,1.7028631739141473,-2.7116626703503726,5.868041623116859,15.446142045276105,0.5514933169338077
13,14,0.26872374623782236,0.005085395149657509,3,-4.2304840539890165,1.627444991386481,-2.841512188768892,5.882424078075479,15.394783301983413,0.5357222837417774
14,15,0.2680067742252847,0.005081224707144917,3,-4.286415934510506,1.5971784839247203,-2.8963188036857996,5.911188987992716,15.292065815398033,0.504180217357717
15,16,0.2680067746298768,0.005099086908269887,3,-4.286415934510506,1.704351690674562,-2.8963188036858005,5.911188987992716,15.292065815398033,0.5041802173577172
16,17,0.26821015368852347,0.00517486808716853,3,-4.205060471933793,1.6830162837752871,-2.8600621199715377,5.745790755968589,16.056027121876777,0.49925176948520766
17,18,0.26760197424442456,0.005159896961802143,3,-4.153789581455763,1.6768968259824728,-2.849662916115509,6.123929467588967,15.673511481728106,0.4815914979420488
18,19,0.2666348282565979,0.005201801367004986,3,-4.102730554161525,1.6847528866624382,-2.8630132453901407,6.370528643233634,15.753492024668276,0.4362908479138996
19,20,0.2669180963467366,0.005199986353264846,3,-4.407813538824193,1.6609366184958065,-2.822540668220732,6.068497089102619,15.792011082137797,0.44811912280792243
20,21,0.26650699031926484,0.00523682656198368,3,-4.300822631008467,1.6231448318563944,-3.001154020937116,6.124528736545573,15.945819818561208,0.4254893329933165
21,22,0.2653016244127291,0.0053150130976988876,3,-4.349974889648564,1.583285660827518,-3.1458996962304875,6.25277229325993,16.195658705203762,0.3624873410230709
22,23,0.26525006700735143,0.005162454105426368,3,-4.324551307593342,1.6567191543412987,-3.0278546794863788,6.116138971153042,15.470216456194532,0.3792440637896032
23,24,0.2634115920760217,0.005146244790760724,3,-4.376034061255169,1.661184704622542,-3.1416838027753418,6.18895014938105,15.21021281827528,0.2994032082549505
24,25,0.26459548503191005,0.005172917654212883,3,-4.398067832369696,1.6142137312939089,-3.0618628866912294,6.4885846276856345,15.122474965150282,0.35230188208655155
25,26,0.2635829504207646,0.00527330908175919,3,-4.353929669079379,1.5628323379344162,-3.0807875639787774,6.515651608892478,15.829905988213113,0.2967473224569869
26,27,0.2621742035039106,0.005355199407755589,3,-4.376434247269003,1.6585568293541564,-3.1422771507431024,6.717139149192398,16.00918604581814,0.2276030241567436
27,28,0.25943692297351606,0.005492186758060929,3,-4.421443403648251,1.6892460020688747,-3.2652563242717534,7.1201142297922395,16.367746161028194,0.08931442755625696
28,29,0.26055787649195006,0.005333837896567687,3,-4.259579931230002,1.604235155974092,-3.3636271715585098,6.9103700949790365,15.701152472041837,0.16406255362264965
29,30,0.25881527806028304,0.005376035059348448,3,-4.616946041582162,1.5535796442446794,-3.490025903111893,6.788285691429822,15.722225011969215,0.08514806375292261
30,31,0.25489311238185935,0.0054932930149627045,3,-4.874053785292482,1.4879930230358003,-3.8035322319727687,6.997164215527917,15.706591505619684,-0.09042332832756594
31,32,0.25685140127009554,0.005312202931261642,3,-4.544394671309762,1.6232826574823602,-3.426350297518974,7.154172682159521,15.11703593157237,0.007981347526872351
32,33,0.255150969307813,0.005532929035449404,3,-4.545077341568652,1.5953775624121196,-3.6318829106674784,7.1402230325584455,16.188406660433213,-0.09660670505650143
33,34,0.25300093337027846,0.0055335313306407495,3,-4.652931395688725,1.6576073639308468,-3.796656682276164,7.321346525906925,15.600475861443744,-0.17217015459809953
34,35,0.24767943078165292,0.005713100342157693,3,-4.802432258993399,1.704994876929062,-4.154591241424857,7.72419398441415,15.485760798059061,-0.4066288931256427
35,36,0.248333111198929,0.005883699790510308,3,-4.772959736092346,1.5738583880115606,-4.073396256362772,8.159795930429388,16.312018357976175,-0.41017007418959417
36,37,0.24678386980758887,0.00585250960376485,3,-5.060540467738294,1.6206823473391667,-4.088042582514357,7.854851263314849,16.02470066618773,-0.46624029549470797
37,38,0.23993604220535078,0.006139189216300542,3,-5.46102073599244,1.6289059430217039,-4.450250287992281,8.327091847482755,16.186474763260676,-0.7813917200533868
38,39,0.24137554644056528,0.005894836011613382,3,-5.245202772768108,1.5155581482286609,-4.581411417707957,8.047433001065153,15.297683177945533,-0.6817275519648631
39,40,0.23937437145403997,0.006242806654911986,3,-5.355854205592713,1.5456133230639422,-4.805337817857064,8.311127988333082,16.608609156192408,-0.8302974384327237
40,41,0.2311734050677713,0.006709438741324976,3,-5.76158397273419,1.506778655854733,-5.494831578026108,8.889605641419863,17.354395768502428,-1.2494368314125217
41,42,0.23229267114432636,0.006411590003507132,3,-5.760673745722336,1.5439854492817204,-5.220788093828103,8.908205174221298,15.925901463354638,-1.1099860946346902
42,43,0.22524847346206897,0.0067573250201753065,3,-5.727237288808459,1.6700341307400133,-5.521557393141258,9.688277644149618,16.480819937413152,-1.4560237267993335
43,44,0.21053035807169512,0.007389341022781606,3,-6.153829040566446,1.7610546845921196,-6.380569973725503,11.033834358460467,16.86793415330989,-2.1388239260352173
44,45,0.21891212073170524,0.006868798655384805,3,-6.288621106166628,1.646567531291106,-6.020751274538831,9.48365873859184,16.0606983501679,-1.712494931552513
45,46,0.21059598098946666,0.0074246308748131176,3,-6.754544865656653,1.495955260494286,-6.56160963384807,10.505748935999641,17.078601760787954,-2.151324792092088
46,47,0.20712017946497768,0.007752826826424008,3,-6.814888382844789,1.6788576932832284,-6.794855529611676,11.001948564326804,17.860318908515627,-2.366091879961943
47,48,0.19042573527469936,0.00868182223382933,3,-7.59973118788313,1.7605074658105124,-7.901577585563535,12.479206345957632,19.141636773800677,-3.2082740439604827
48,49,0.1913143022218339,0.008356017960913113,3,-7.31197390358402,1.609377072753122,-8.076459091851103,12.10632788406749,17.956581326713817,-3.0753884865091177
49,50,0.1856058387221746,0.008731759826175184,3,-7.529420946474689,1.7160947743169057,-8.257811618689615,12.591255460611016,18.894047914406247,-3.401928242552623
50,51,0.16135797257995202,0.009828824547520534,3,-8.413794546850866,1.8021494368344984,-9.77632338112037,14.432780603805874,20.0,-4.5478993165115895
51,52,0.16271547032683525,0.009473706357089195,3,-8.412580910835057,1.8517584947371488,-9.410932068856363,14.457579980874453,18.34742168642432,-4.361965000807816
52,53,0.15596957145909632,0.01011542230745677,3,-8.593530378958762,1.7803666071161235,-10.015072637116148,15.521500631130008,20.0,-4.7820635904195905
53,54,0.12027277812540829,0.011410458996006744,3,-9.74598501535483,1.847266145028632,-12.012233318404807,18.54042157739909,20.0,-6.31684791985313
54,55,0.13395591830671372,0.010895550128017902,3,-9.124753336034797,2.0480825060910584,-11.291088839325822,17.177634647522034,20.0,-5.731741439133696
55,56,0.1055615821239876,0.01189046142239904,3,-10.715777259614452,1.8786590224928719,-13.108968121315165,18.697482654748388,20.0,-6.941881476223392
56,57,0.04817364148287916,0.013458465001168199,3,-12.996751369138455,1.9374611914432478,-16.473167195109994,20.0,20.0,-9.34341025131748
57,58,0.0781765978137742,0.012649815905661952,3,-11.452558218448361,2.139698007228577,-14.21198170427586,20.0,20.0,-8.094657504018944
58,59,0.042193377321179185,0.013440823125950466,3,-12.449076611004326,2.114964461310542,-16.490331250134204,20.0,20.0,-9.590566433253736
59,60,0.03601715968756726,0.014991275818254312,3,-14.873749322564926,2.2921929590605563,-20.0,20.0,20.0,-12.781712627900362
60,61,0.005565611729152853,0.014285766451407873,3,-13.789949691962356,2.1705249204917076,-18.510666077222588,20.0,20.0,-11.243458018770585
61,62,0.08340798513013055,0.01558212445727449,3,-16.478634082526007,2.3299081333689875,-20.0,20.0,20.0,-14.68420452775197
62,63,0.04861201620335671,0.015202181696847273,3,-15.580787770983708,2.3429258062800944,-20.0,20.0,20.0,-13.289376603819807
63,64,0.0819196117623955,0.01564031008332706,3,-17.02184046011608,2.1952738370865466,-20.0,20.0,20.0,-14.624746202759738
64,65,0.13685159653052945,0.016357820973482318,3,-18.825893929049798,2.512092762168278,-20.0,20.0,20.0,-16.808939149675837
65,66,0.05790511926679076,0.012890880744392264,3,-12.01596224377857,2.0134727993135435,-15.105767907253107,19.270210788699544,20.0,-8.939870727308808
66,67,0.11347705716379076,0.01218581845591689,3,-9.881412412176044,2.103484724186029,-14.767194294620516,19.756736929566515,20.0,-6.606082374952255
67,68,0.032018115044966676,0.014776687176474517,3,-15.236733448131073,2.172326558861417,-18.691798573655127,19.93918423239163,20.0,-12.620080245807866
68,69,0.08241732502263152,0.015543855577163222,3,-16.71208639707133,2.1699367379216117,-20.0,19.73646500703039,20.0,-14.644645320956027
69,70,0.038764789447552635,0.013458679360209677,3,-12.767440263104104,2.147257689901836,-16.171107498241334,19.934116251757597,20.0,-9.732154458253214
70,71,0.06789351529969422,0.01546724310481056,3,-16.399175044849635,2.3407569093660765,-20.0,20.0,20.0,-14.06352667464763
71,72,0.026896466568739095,0.013626528330892953,3,-13.111765444046338,2.0952938268266768,-16.706778898978975,19.624547101362207,20.0,-10.220784714143512
72,73,0.06388831587806784,0.012996952349288568,3,-12.011342075332038,1.9287599092483863,-15.517839414402665,19.832615861837148,20.0,-8.691156834911197
73,74,0.020278573204965674,0.014650874359957594,3,-14.688426347070791,2.2393843320221674,-18.879459853600665,19.95815396545929,20.0,-12.139821661592656
74,75,0.05557316825548091,0.015138138831230781,3,-15.159270136488075,2.434865570944872,-19.846769772122904,19.818667183656906,20.0,-13.569260324171921
75,76,0.022535185974399425,0.013878383458683845,3,-13.53738106097586,2.061812286318654,-17.316567839363223,19.95466679591423,20.0,-10.39987276953109
76,77,0.05143982742854796,0.015189384241230876,3,-15.645228175146345,2.1965872712918912,-20.0,19.891401113284854,20.0,-13.403088887662141
77,78,0.016433711757893828,0.013913465979744095,3,-13.486887241114665,2.1595900852493495,-17.260993019355716,19.92343746713941,20.0,-10.649888065605445
78,79,0.04092645240319358,0.013385959434132655,3,-13.076631755202104,2.0074510441961007,-15.788754754058765,19.799996520755585,20.0,-9.642922530583352
79,80,0.016847837526401368,0.014589946722223896,3,-14.424469930724221,2.2210074803444426,-18.947188688514693,19.949999130188896,20.0,-11.997015103571108
80,81,0.04204108840980399,0.013538301257828896,3,-12.442893123833674,2.143544418222915,-17.182086218690152,19.86441725429638,20.0,-9.596866531930267
81,82,0.013710192943597942,0.014467090696813116,3,-14.538273367056723,2.1651310237017913,-18.314370484913884,19.92049248786782,20.0,-11.864276817338467
82,83,0.030144483501754433,0.014922363750801467,3,-15.043363768921868,2.2438562158826945,-19.70296975534461,20.0,20.0,-12.543992764659603
83,84,0.012729003038970187,0.013962058137849013,3,-13.59466502526522,2.132434424090681,-17.455826613070386,19.78783603789524,20.0,-10.801586726772534
84,85,0.029035103513332928,0.014744683990648025,3,-14.636842806755464,2.3008784689813924,-19.139600406196088,19.891972900269323,20.0,-12.49880936168584
85,86,0.009720473813216815,0.014094958591674884,3,-13.812246497420762,2.1215788319843387,-17.77232598107144,19.938993322003,20.0,-10.924606917569777
86,87,0.023656974475464745,0.01378688783328003,3,-13.193737570777195,2.08403792326527,-17.207663767782243,19.882098849572166,20.0,-10.353788888283315
87,88,0.009722466627215803,0.014434877728288205,3,-14.314754152997391,2.200547729832943,-18.46151083214606,19.939140186487506,20.0,-11.69331346826532
88,89,0.022643730942670474,0.013796125806368504,3,-13.421122061214813,2.0955948581058275,-16.978042314078664,19.886634036942095,20.0,-10.395361567869603
89,90,0.007570722685056166,0.014391491493260041,3,-14.173632963346869,2.189654324784789,-18.454902094905684,19.934157856877196,20.0,-11.596601719645733
90,91,0.018304269158019682,0.014631948386686949,3,-14.587619991568438,2.1670336663794005,-19.062207675087635,19.916769163237507,20.0,-12.058059823848698
91,92,0.008085855863328635,0.014093086581479805,3,-13.762070428728109,2.1614509805318622,-17.711296683288694,19.921770391163935,20.0,-11.00193100516626
92,93,0.018720773287749775,0.013953655631173501,3,-13.277499552850179,2.1602660468703156,-17.80780560898774,19.920140110274474,20.0,-10.556222468058266
93,94,0.0065036484381205085,0.014338731930403205,3,-14.223079913505087,2.1639147794939224,-18.187729265932347,19.920404393469482,20.0,-11.537263230018418
94,95,0.01370862184434595,0.01456808178563814,3,-14.430579524054972,2.203456098282506,-18.91031703178522,20.0,20.0,-11.86413805970616
95,96,0.006984647593357916,0.01411760513363401,3,-13.803643649962659,2.150189842638637,-17.819449217749096,19.865123531447715,20.0,-11.06722456000594
96,97,0.01365320339598874,0.014005668998998407,3,-13.540120228644557,2.1185568301421425,-17.69061227457722,19.921009645166272,20.0,-10.76371501546025
97,98,0.00553673875217357,0.014327575545965756,3,-14.121095671909183,2.1800500049102425,-18.26878619275385,19.9346075511572,20.0,-11.460913855064053
98,99,0.010134641468696831,0.01442312712037535,3,-14.145577609050658,2.2170161189660478,-18.545283862879316,19.91969458603551,20.0,-11.71119054532055
99,100,0.006461091871676392,0.014177000723849998,3,-13.895579275328236,2.145438153729766,-17.96556545152341,19.93416863801113,20.0,-11.12125282450747
0,1,0.860431301410484,0.009757106791488826,4,-15.552925569183994,-14.705759431336745,-2.2461032136878742,12.304193107651585,2.909283503084673,10.82437592398805
1,2,0.860431301410605,0.009886714504565354,4,-16.330571847643196,-14.705759431336745,-2.2461032136878742,12.304193107651585,2.909283503084673,10.82437592398805
2,3,0.860431301410605,0.00987965478674996,4,-15.552925569183994,-15.441047402903582,-2.2461032136878742,12.304193107651585,2.909283503084673,10.82437592398805
3,4,0.860431301410484,0.009775824318269557,4,-15.552925569183994,-14.705759431336745,-2.358408374372268,12.304193107651585,2.909283503084673,10.82437592398805
4,5,0.860431302055882,0.009859641734052581,4,-15.552925569183994,-14.705759431336745,-2.2461032136878742,12.919402763034165,2.909283503084673,10.82437592398805
5,6,0.8544054317442852,0.009781350820681194,4,-15.552925569183994,-14.705759431336745,-2.2461032136878742,12.304193107651585,3.0547476782389067,10.82437592398805
6,7,0.8749603774683874,0.009847309924188717,4,-15.552925569183994,-14.705759431336745,-2.2461032136878742,12.304193107651585,2.909283503084673,11.365594720187453
7,8,0.8434845952368973,0.009799454394413768,4,-15.812140995337064,-14.950855421859021,-2.2835382672493383,12.509262992779114,2.9577715614694178,10.283157127788648
8,9,0.8271416274304008,0.009775526629526294,4,-15.941748708413598,-15.073403417120161,-2.3022557940300707,12.611797935342878,2.9820155906617902,9.741938331589246
9,10,0.8474899449818373,0.00975908421637447,4,-15.941748708413598,-15.073403417120161,-2.3022557940300707,11.791518394832769,2.9820155906617893,10.463563393188448
10,11,0.843122231836175,0.009698880973551934,4,-16.071356421490137,-14.215567450292184,-2.320973320810803,12.235836479275743,3.0062596198541627,10.343292549588579
11,12,0.8372580261834892,0.009629210078732069,4,-15.207305000979915,-14.787458094844169,-2.3459300231851126,12.213050936483796,3.0385849921106596,10.182931424788759
12,13,0.8293674326208157,0.009691228851848706,4,-15.869744423371088,-14.814690982679977,-2.229465412105,12.182670212761199,3.0816854884526537,9.96911659172233
13,14,0.818719830201797,0.009687987065416069,4,-15.975350708100116,-14.851001499794389,-2.336224638928436,12.142162581131075,3.1391528169086484,9.684030147633752
14,15,0.797008993361024,0.009653427202379695,4,-16.18656327755818,-14.92362253402321,-2.3812853515487173,12.06114731787082,3.2540874738206362,9.113857259456601
15,16,0.8054900150739488,0.009621101830123198,4,-16.18656327755818,-14.92362253402321,-2.3812853515487182,12.061147317870816,3.0601352402816575,9.113857259456605
16,17,0.7985277201840213,0.009597374305679491,4,-15.879344994710099,-14.506051587207477,-2.3514759570460697,12.663698338368983,3.1589072110653973,9.024767745678929
17,18,0.7877997786378246,0.00962374199254455,4,-15.685733472706882,-15.460715599673886,-2.342925975677092,12.36200087362375,3.1855457122767694,8.705530321308913
18,19,0.7586924584273755,0.009586172502040856,4,-15.492921998315254,-16.083289674364735,-2.353902303110237,12.425083070797754,3.2751887584880723,7.886649207169079
19,20,0.7672624084657361,0.009679067028467343,4,-16.64499055899555,-15.32076881496209,-2.3206266999444924,12.455463794520352,3.2320882621460765,8.100464040235508
20,21,0.7542166881780659,0.009612994314223583,4,-16.240966515145864,-15.462228537886986,-2.467478406971101,12.576775712162668,3.2391220237018885,7.691394689472993
21,22,0.7141691038475843,0.00957387704541102,4,-16.426577561033255,-15.78599731549049,-2.586484904404152,12.773828461863403,3.3178402913265064,6.552533738348323
22,23,0.71792132411875,0.009461480008507573,4,-16.330571847643235,-15.441047402903578,-2.489431061837391,12.201658165087832,3.450733488380992,6.855438085192436
23,24,0.7114841034970779,0.009562697534038801,4,-16.133760135193675,-15.763303242293986,-2.446450074414968,12.799145731632237,3.502813254794236,6.730712765903688
24,25,0.6617128657841749,0.009533495385996594,4,-16.10735856401142,-16.183143596429375,-2.479032435848093,13.168144938512945,3.7241522620505254,5.53914051912723
25,26,0.671802965391256,0.009565132085254873,4,-16.5169829411422,-16.739904858850352,-2.5187782951849575,12.364743577848719,3.59245630100554,5.657926537497461
26,27,0.6284793638819333,0.009479647482846394,4,-16.319904546155456,-16.927761353643664,-2.534799881894391,13.068493351672853,3.6100656473119352,4.416860116400075
27,28,0.5364300297418855,0.009392757623079746,4,-16.386575180454095,-17.929830763453893,-2.611557147067227,13.572166368573868,3.788054734057585,2.068361544871813
28,29,0.5837706845036955,0.009358571188296212,4,-15.775338805204267,-17.40030238886872,-2.6924353492061934,13.046411066374489,3.81738701629033,3.4195525038332732
29,30,0.5315892908006808,0.009375598610141153,4,-17.021546301514242,-17.07678576763407,-2.772004094739101,13.283901121955996,3.9550192725490882,2.1443351024544324
30,31,0.4108279623269991,0.009512585647492267,4,-17.785858453113732,-17.573533814268743,-2.981054990553533,13.713310147535118,4.294934529579596,-0.7268219499028916
31,32,0.4719286275514738,0.009436568322235678,4,-16.66899198734309,-18.429856842883616,-2.8003499789173283,14.011210021815018,4.060874889722369,0.6481262127326337
32,33,0.39403706276565953,0.009617436805038833,4,-16.65379108272301,-18.96619343942774,-2.7745844945216263,13.851500245023313,4.441446286242143,-1.0171052822951507
33,34,0.23525373029800437,0.010638590391011397,4,-16.767397843567892,-20.0,-2.8686342895803634,14.390336136603267,5.003249283699962,-4.801924792616887
34,35,0.2905600815757287,0.010314457304329915,4,-16.646857336755968,-19.098984276451098,-2.9589097685392893,14.935782648622853,4.637094604127916,-3.6091151914824047
35,36,0.1799073697168473,0.011077663955887922,4,-17.236314638134928,-20.0,-3.1586147387732186,14.721593857995256,4.809712757108727,-6.5397477433153846
36,37,0.07068103080065889,0.012454866960390562,4,-17.800792675196682,-20.0,-3.498405890235782,15.498318317736413,5.352493004637829,-12.579191874536692
37,38,0.08178171863367537,0.012016539837735839,4,-18.243485686939547,-20.0,-3.213868672424981,15.660630147254356,5.228179998984756,-9.753074520811417
38,39,0.06841264397753423,0.012609613764681244,4,-18.25121948051821,-20.0,-3.4955173830165327,15.831029437948477,5.737554036193226,-12.342362250411032
39,40,0.2396420664378557,0.014390254656581787,4,-19.183541630550266,-20.0,-3.937497500991185,16.96046097263578,6.712303687261045,-19.547724148052453
40,41,0.1211980165151824,0.01321819463044067,4,-18.49621183802092,-20.0,-3.5384470191994986,15.99859225675181,6.023626929352059,-15.252289739319743
41,42,0.21799392467865314,0.013883814046835124,4,-17.616129833886006,-20.0,-3.5435393504452835,17.058252834103936,6.365798089418986,-18.7191641731565
42,43,0.2518006528736719,0.014330320964532146,4,-19.07822178262045,-20.0,-3.7605610997615244,16.543270394843233,6.59987250996769,-20.0
43,44,0.15849370348622466,0.013473091611979677,4,-18.47038067115433,-20.0,-3.5601482669559656,16.141398458288137,6.109178033507746,-16.557444241971865
44,45,0.2517955604148046,0.014646908091767611,4,-19.525342218337336,-20.0,-4.081341237845652,17.67240434742444,6.602360746998238,-20.0
45,46,0.08443244456174752,0.011790638599844295,4,-17.45688393726025,-20.0,-3.1718110266466857,15.21085318930856,5.403027149524531,-9.501256296325714
46,47,0.17459117472744456,0.011303834421522314,4,-18.6235282624773,-20.0,-3.2825267357145327,14.388687768325315,4.918888294647731,-6.609375467968988
47,48,0.08325794274517541,0.011948829327850515,4,-18.371678655329475,-20.0,-3.3477798893972204,15.05607903476997,5.280615743340545,-9.636822644265866
48,49,0.17999603623512767,0.011206469428334701,4,-17.736376753267358,-20.0,-3.195128360017602,14.943769002968391,4.899320920503234,-6.464221533251621
49,50,0.0936376441259623,0.012906436066068434,4,-18.286879691682586,-20.0,-3.4688932902213745,15.841991094458201,5.806713755256618,-14.034138564791803
50,51,0.14991780323323212,0.011357446888416289,4,-17.640768204287994,-20.0,-3.1936450314480274,15.03437481707352,4.912567633293774,-7.363325644394433
51,52,0.0817267233834546,0.012753007694934577,4,-18.282350929587686,-20.0,-3.452246522261631,15.757537896832236,5.745862105337487,-13.280048715588414
52,53,0.11595654276179,0.011618062662410574,4,-17.848590763261363,-20.0,-3.257649837772904,15.1628249134918,5.109196924082838,-8.33011353585458
53,54,0.0715097294292842,0.012584342715153966,4,-18.17730745957728,-20.0,-3.4160824271092567,15.6721995492166,5.632334547463174,-12.608132307557497
54,55,0.09103586852013221,0.012998428167071285,4,-18.91872769178937,-20.0,-3.636155901501782,15.947744938610787,5.589319329127807,-13.898621141397928
55,56,0.06904159404883169,0.012092585991651037,4,-17.822344875892533,-20.0,-3.28789724536046,15.395076126634116,5.449600194425351,-10.600597507593768
56,57,0.0945706468899357,0.01288815632699857,4,-17.82082171390784,-20.0,-3.4402261574056614,16.215518123770757,5.768058885673395,-14.084313081233741
57,58,0.06811209743943196,0.012183661077637523,4,-18.233964419974065,-20.0,-3.3708914563993306,15.345938807020168,5.402476528923757,-10.748695253507835
58,59,0.0989507599924161,0.012876152897080459,4,-17.945840926642607,-20.0,-3.6264783023693505,15.506069897874976,5.8785934733421845,-14.299934782253661
59,60,0.06710661698446282,0.012231443102572003,4,-18.169074496865314,-20.0,-3.3170210799110738,15.62199008490951,5.390783367574113,-10.889789586171979
60,61,0.07835211401885026,0.01196583017576087,4,-17.869216873087012,-20.0,-3.343025305082514,15.36397954432286,5.242551787734996,-9.976207544337857
61,62,0.06787238075160841,0.012162624555554296,4,-17.972500387212182,-20.0,-3.370330609377293,15.462369132450204,5.368379367135619,-10.802167837150495
62,63,0.07723281506013632,0.011993922435674927,4,-17.905991318975715,-20.0,-3.363938794324234,15.379374419683028,5.2680942855001245,-10.046135795566439
63,64,0.06521734898945335,0.012436737645284203,4,-18.10947842442689,-20.0,-3.4030465189130013,15.598993266833208,5.541274481972412,-11.967633179559733
64,65,0.07688942264127073,0.012117355085402867,4,-18.385401353099716,-20.0,-3.249828874090116,15.586813967528816,5.610862987436995,-9.871223330261584
65,66,0.06499777945128957,0.012370488991643648,4,-17.94694484467244,-20.0,-3.436261636199365,15.520442230184514,5.41708550033762,-11.902199738467914
66,67,0.0676928459242749,0.012572270387473269,4,-18.405382475330498,-20.0,-3.5097923159117395,15.731844859814576,5.5029175662868965,-12.283685107495891
67,68,0.07198941371083929,0.012042794822040402,4,-18.02789553564225,-20.0,-3.3069304892207363,15.262830022455582,5.136751567883579,-10.52236131704025
68,69,0.0647573965416382,0.012467909029021042,4,-18.19538849429922,-20.0,-3.4483706595675834,15.688979584075252,5.587353419115814,-11.887362017068337
69,70,0.06993561635696187,0.012563496826211955,4,-18.032291954294784,-20.0,-3.457382816894022,15.86226757906892,5.533454705217067,-12.495583901796946
70,71,0.06510772137709911,0.012278620014781135,4,-18.183546303554245,-20.0,-3.3925142965230037,15.475021000032356,5.435221072997084,-11.185417415580112
71,72,0.07087981489078013,0.01262319850137079,4,-18.364104625837353,-20.0,-3.4653382262979613,15.750054542832933,5.589832435625693,-12.569861177630827
72,73,0.06485295839280324,0.012277768042008422,4,-18.070401446868473,-20.0,-3.39408251360746,15.534290485045886,5.423742634258137,-11.24409117227058
73,74,0.06803722892104166,0.012115385220963549,4,-17.819562194898367,-20.0,-3.2873065856620887,15.414727357212335,5.42890259246483,-10.741812595543657
74,75,0.06492094245861478,0.01245804909584584,4,-18.258927405222465,-20.0,-3.4541708833493265,15.652565484164015,5.48441382283138,-11.898216979507833
75,76,0.06970641267557634,0.012531747836956096,4,-18.085821142815938,-20.0,-3.525794422808839,15.5347739318689,5.572246942930037,-12.471850581312857
76,77,0.06458452575891464,0.012306519286168017,4,-18.14826115835297,-20.0,-3.369214415635515,15.600186046649359,5.436149261413094,-11.285304834957198
77,78,0.06541566511771855,0.01228304717453849,4,-18.158344793229716,-20.0,-3.42849161604775,15.558168343217254,5.386714088345297,-11.166564206390927
78,79,0.06423487070005682,0.012398315027597785,4,-18.121695016627598,-20.0,-3.4094077931966886,15.588787035929219,5.502634383565633,-11.767365936267531
79,80,0.06624524061055857,0.012481063142647115,4,-18.063659818460145,-20.0,-3.444655003995642,15.720062621983725,5.515238600843476,-12.142762810599685
80,81,0.0637990388248471,0.012329230796747631,4,-18.15357468228072,-20.0,-3.4055494733911633,15.5362814055202,5.455225454958683,-11.424753764335005
81,82,0.06418558442702312,0.012375441434152597,4,-18.369137889878044,-20.0,-3.3906702767165475,15.679921116943461,5.54608749170996,-11.26683182966758
82,83,0.06547946617148467,0.012260345442719324,4,-18.09389215754654,-20.0,-3.351594160688993,15.556916407223778,5.499317058842394,-11.06035287201425
83,84,0.06384214546570521,0.012408623182564204,4,-18.217668593303486,-20.0,-3.428526702684243,15.628653214928956,5.488139631834134,-11.688750952634436
84,85,0.06463944928523917,0.012484244876741999,4,-18.331507164712207,-20.0,-3.4231639267897873,15.706645649636261,5.581453913274303,-11.862698606039451
85,86,0.06505747055756003,0.012299549172303042,4,-18.251893007419124,-20.0,-3.3604735365703986,15.557845239127232,5.415876626469455,-11.211206624232066
86,87,0.06395005017250037,0.012425819064841533,4,-18.209514622579196,-20.0,-3.4263963788182874,15.656195997838246,5.544484220954224,-11.71832316885927
87,88,0.06520679504784718,0.012263738053948592,4,-18.075110156295132,-20.0,-3.3867577533576942,15.523362622966882,5.409452901537606,-11.187744889534223
88,89,0.0638310945009953,0.012429118171043647,4,-18.267407912607936,-20.0,-3.414062383431764,15.660824892968916,5.538453660340129,-11.693960176913144
89,90,0.06482499094540303,0.012482329939481111,4,-18.298071747406023,-20.0,-3.4556565871107168,15.650035174726977,5.588859019707826,-11.90135710793512
90,91,0.06369207516847758,0.012350471949496294,4,-18.18571380561623,-20.0,-3.3908249585043153,15.612648328668763,5.4743267009867775,-11.43931790320168
91,92,0.06411136790926442,0.012374586505350857,4,-18.345977485460942,-20.0,-3.409268931318752,15.669387949693625,5.512938003362336,-11.309946662269507
92,93,0.06456552978192397,0.012397175122528796,4,-18.090814477404788,-20.0,-3.434205999332961,15.57474281292944,5.4584350657688,-11.824852379736768
93,94,0.0635526577988749,0.012380874856246653,4,-18.29955703675973,-20.0,-3.401554207370651,15.653626540939957,5.52417438522467,-11.406336967184878
94,95,0.06447861094126664,0.01240012616829579,4,-18.098501398921485,-20.0,-3.4130357700813905,15.580022177261387,5.495330014737201,-11.813867648773297
95,96,0.06355565661136077,0.012380971421087092,4,-18.28410846382608,-20.0,-3.4102106410094115,15.647046506585566,5.508536006206052,-11.435926908895453
96,97,0.06437978025560741,0.012333944394220305,4,-18.2598288755522,-20.0,-3.390513076645563,15.590164298699204,5.4518010588959225,-11.31135905552893
97,98,0.06365658439918251,0.012402850397186232,4,-18.222093185822445,-20.0,-3.4174255532751063,15.639688073053485,5.521313430439649,-11.616582140526685
98,99,0.06404617552189466,0.012349216014704968,4,-18.253149769000892,-20.0,-3.384682369643227,15.621385367650007,5.51920358088452,-11.316875001051184
99,100,0.06365984995252216,0.012393771390599396,4,-18.22653888722784,-20.0,-3.417565619423989,15.626836253109218,5.49590561909673,-11.595781964738624
