,a,b,loss
0,3.7493638321757317,126.57117787748575,750.3371596539622
1,3.8500901870429516,126.57117787748575,751.0378374597115
2,3.7493638321757317,17.22558941692114,2278.40685363742
3,3.7493638321757317,17.22558941692114,2278.40685363742
4,3.8500901870429516,126.57117787748575,751.0378374597115
5,3.8500901870429516,17.22558941692114,2277.7211642505363
6,5.665772380307317,21.283184736967087,2151.0324320624986
7,7.932556886225939,21.283184736967087,2128.1237913862856
8,5.665772380307317,175.463898293674,2119.7577779626595
9,5.665772380307317,175.463898293674,2119.7577779626595
10,7.932556886225939,21.283184736967087,2128.1237913862856
11,7.932556886225939,175.463898293674,2143.6380319305727
12,7.535643968731165,170.8110399544239,2010.153892025098
13,2.2753910161554813,170.8110399544239,1966.8302509978444
14,7.535643968731165,84.49863195419312,384.11751347413303
15,7.535643968731165,84.49863195419312,384.11751347413303
16,2.2753910161554813,170.8110399544239,1966.8302509978444
17,2.2753910161554813,84.49863195419312,423.84171999661885
18,0.5507616233080626,77.83081028610468,615.5330594513674
19,5.775946285575628,77.83081028610468,584.3356943881101
20,0.5507616233080626,120.88921889662743,577.0817449519294
21,0.5507616233080626,120.88921889662743,577.0817449519294
22,5.775946285575628,77.83081028610468,584.3356943881101
23,5.775946285575628,120.88921889662743,609.673486099576
24,1.8090460449457169,186.11856903880835,2388.5657877682265
25,9.515680512413383,186.11856903880835,2459.134614287886
26,1.8090460449457169,135.25488078594208,979.7683670631671
27,1.8090460449457169,135.25488078594208,979.7683670631671
28,9.515680512413383,186.11856903880835,2459.134614287886
29,9.515680512413383,135.25488078594208,1051.9142827647338
30,8.779165530577302,67.99183078110218,826.0363780168628
31,3.516356823965907,67.99183078110218,873.8916298436518
32,8.779165530577302,71.64354845881462,725.2503831507904
33,8.779165530577302,71.64354845881462,725.2503831507904
34,3.516356823965907,67.99183078110218,873.8916298436518
35,3.516356823965907,71.64354845881462,772.7571551496533
36,6.928338836878538,117.6601205021143,532.4332575545776
37,6.692813290283084,117.6601205021143,529.8070058629901
38,6.928338836878538,167.9829826578498,1925.1071315655954
39,6.928338836878538,167.9829826578498,1925.1071315655954
40,6.692813290283084,117.6601205021143,529.8070058629901
41,6.692813290283084,167.9829826578498,1922.6185074085283
42,4.987401803955436,37.22566720098257,1715.2669162297059
43,0.10913378559052944,37.22566720098257,1741.4424911666226
44,4.987401803955436,26.2231869623065,2019.9878648023137
45,4.987401803955436,26.2231869623065,2019.9878648023137
46,0.10913378559052944,37.22566720098257,1741.4424911666226
47,0.10913378559052944,26.2231869623065,2046.1840280994338
48,3.777934769168496,155.5161176249385,1552.182892208477
49,7.025790987536311,155.5161176249385,1580.9564122963252
50,3.777934769168496,56.10584821552038,1201.3574297466873
51,3.777934769168496,56.10584821552038,1201.3574297466873
52,7.025790987536311,155.5161176249385,1580.9564122963252
53,7.025790987536311,56.10584821552038,1173.7840739076178
54,6.807853430509567,98.59390817582607,39.689571802699234
55,1.0255457367748022,98.59390817582607,38.85305860784134
56,6.807853430509567,138.49098812788725,1107.2710192717013
57,6.807853430509567,138.49098812788725,1107.2710192717013
58,1.0255457367748022,98.59390817582607,38.85305860784134
59,1.0255457367748022,138.49098812788725,1066.1983808310301
60,9.98617104254663,149.74992386996746,1459.5001241461025
61,9.182707434520125,149.74992386996746,1447.9541145923413
62,9.98617104254663,48.40158820152283,1352.5895221993148
63,9.98617104254663,48.40158820152283,1352.5895221993148
64,9.182707434520125,149.74992386996746,1447.9541145923413
65,9.182707434520125,48.40158820152283,1362.7387186250426
66,1.9271462224423885,5.135477893054485,2623.6818941835418
67,2.5999402534216642,5.135477893054485,2620.28024661957
68,1.9271462224423885,158.88750776648521,1634.8774554366873
69,1.9271462224423885,158.88750776648521,1634.8774554366873
70,2.5999402534216642,5.135477893054485,2620.28024661957
71,2.5999402534216642,158.88750776648521,1638.2924076952054
72,0.6645237375050783,108.7586360052228,241.45242848714244
73,1.3589838333427906,108.7586360052228,243.96176058159799
74,0.6645237375050783,197.64682352542877,2703.435905563483
75,0.6645237375050783,197.64682352542877,2703.435905563483
76,1.3589838333427906,108.7586360052228,243.96176058159799
77,1.3589838333427906,197.64682352542877,2705.944568078014
78,8.74815333634615,39.09533768892288,1625.5088735847537
79,5.442963819950819,39.09533768892288,1659.677562965692
80,8.74815333634615,8.131610602140427,2482.6849218731227
81,8.74815333634615,8.131610602140427,2482.6849218731227
82,5.442963819950819,39.09533768892288,1659.677562965692
83,5.442963819950819,8.131610602140427,2517.228947253982
84,5.549512980505824,190.30624330043793,2529.7736057039747
85,4.7665115259587765,190.30624330043793,2523.118769275243
86,5.549512980505824,105.34688737243414,178.47772188081117
87,5.549512980505824,105.34688737243414,178.47772188081117
88,4.7665115259587765,190.30624330043793,2523.118769275243
89,4.7665115259587765,105.34688737243414,171.03902579841338
90,2.5344334729015827,58.33522994071245,1147.1395610916748
91,8.265525195747614,58.33522994071245,1098.787085142629
92,2.5344334729015827,87.73318361490965,332.92328099067856
93,2.5344334729015827,87.73318361490965,332.92328099067856
94,8.265525195747614,58.33522994071245,1098.787085142629
95,8.265525195747614,87.73318361490965,288.85917780434903
96,3.041038792580366,199.76048674434423,2772.8934585807306
97,0.9260173328220844,199.76048674434423,2762.858014469483
98,3.041038792580366,174.41887091845274,2070.997001426085
99,3.041038792580366,174.41887091845274,2070.997001426085
100,0.9260173328220844,199.76048674434423,2762.858014469483
101,0.9260173328220844,174.41887091845274,2060.9573449456893
102,5.123462965711951,55.11857457458973,1218.6252491467465
103,7.4282087199389935,55.11857457458973,1196.9403331420112
104,5.123462965711951,32.68407490104437,1839.933226470108
105,5.123462965711951,32.68407490104437,1839.933226470108
106,7.4282087199389935,55.11857457458973,1196.9403331420112
107,7.4282087199389935,32.68407490104437,1818.0059045339108
108,8.234184011816978,105.5177602916956,216.92915299110007
109,3.1047514639794827,105.5177602916956,163.2004391224006
110,8.234184011816978,129.2157582938671,867.476538654619
111,8.234184011816978,129.2157582938671,867.476538654619
112,3.1047514639794827,105.5177602916956,163.2004391224006
113,3.1047514639794827,129.2157582938671,819.3929863319231
114,1.102817291393876,48.57418891042471,1423.9928733254956
115,9.01953810825944,48.57418891042471,1359.9560990820037
116,1.102817291393876,65.57944715023041,952.9888978929871
117,1.102817291393876,65.57944715023041,952.9888978929871
118,9.01953810825944,48.57418891042471,1359.9560990820037
119,9.01953810825944,65.57944715023041,889.8676772052136
120,2.3605104722082615,140.25887195020914,1121.0520008817741
121,5.259205428883433,140.25887195020914,1141.1700603194463
122,2.3605104722082615,78.45985516905785,590.6607763700333
123,2.3605104722082615,78.45985516905785,590.6607763700333
124,5.259205428883433,140.25887195020914,1141.1700603194463
125,5.259205428883433,78.45985516905785,571.2736674325294
126,9.477114332839847,8.364152163267136,2467.0801724029916
127,1.8456315901130438,8.364152163267136,2534.63233986062
128,9.477114332839847,114.82467651367188,488.6416828473082
129,9.477114332839847,114.82467651367188,488.6416828473082
130,1.8456315901130438,8.364152163267136,2534.63233986062
131,1.8456315901130438,114.82467651367188,414.07435950516333
132,6.386658810079098,158.7205596268177,1662.990374843888
133,8.688550805673003,158.7205596268177,1689.5546296135742
134,6.386658810079098,23.661060445010662,2078.491747160322
135,6.386658810079098,23.661060445010662,2078.491747160322
136,8.688550805673003,158.7205596268177,1689.5546296135742
137,8.688550805673003,23.661060445010662,2053.45400625249
138,4.279706152155995,89.12745211273432,283.5673996782911
139,4.685127837583423,89.12745211273432,280.6718357602718
140,4.279706152155995,181.92510809749365,2287.2201581398467
141,4.279706152155995,181.92510809749365,2287.2201581398467
142,4.685127837583423,89.12745211273432,280.6718357602718
143,4.685127837583423,181.92510809749365,2290.3398616739787
144,4.475864199921489,120.8887891843915,598.3409068699345
145,7.76969282887876,120.8887891843915,631.5805155550004
146,4.475864199921489,111.41714882105589,336.2029620200605
147,4.475864199921489,111.41714882105589,336.2029620200605
148,7.76969282887876,120.8887891843915,631.5805155550004
149,7.76969282887876,111.41714882105589,370.71665239718374
150,7.35929848626256,27.734608948230743,1955.7899678095039
151,4.3545961659401655,27.734608948230743,1983.049348548241
152,7.35929848626256,93.77844836562872,134.1722655026351
153,7.35929848626256,93.77844836562872,134.1722655026351
154,4.3545961659401655,27.734608948230743,1983.049348548241
155,4.3545961659401655,93.77844836562872,154.63501974590878
156,9.278456019237638,176.65211856365204,2193.7923165508414
157,6.178058786317706,176.65211856365204,2157.503417858067
158,9.278456019237638,191.19210168719292,2596.328616375229
159,9.278456019237638,191.19210168719292,2596.328616375229
160,6.178058786317706,176.65211856365204,2157.503417858067
161,6.178058786317706,191.19210168719292,2560.1859426849646
162,1.3854468241333961,71.1962791159749,796.3201473038105
163,2.176167881116271,71.1962791159749,792.7686664161658
164,1.3854468241333961,1.701858639717102,2721.144721797175
165,1.3854468241333961,1.701858639717102,2721.144721797175
166,2.176167881116271,71.1962791159749,792.7686664161658
167,2.176167881116271,1.701858639717102,2717.586246897477
168,0.12223309837281704,167.5943909212947,1869.4881549425415
169,3.4352783672511578,167.5943909212947,1884.4303450575237
170,0.12223309837281704,41.946425288915634,1610.655423130244
171,0.12223309837281704,41.946425288915634,1610.655423130244
172,3.4352783672511578,167.5943909212947,1884.4303450575237
173,3.4352783672511578,41.946425288915634,1595.7750610928556
174,8.039847072213888,87.28505931794643,303.1011612372612
175,9.938400853425264,87.28505931794643,285.9636288656223
176,8.039847072213888,152.4581015110016,1508.019908107657
177,8.039847072213888,152.4581015110016,1508.019908107657
178,9.938400853425264,87.28505931794643,285.9636288656223
179,9.938400853425264,152.4581015110016,1533.682973871971
180,6.101587424054742,136.05002276599407,1032.4422854402662
181,0.5954762734472752,136.05002276599407,997.1370082180212
182,6.101587424054742,62.17643152922392,1014.6813852974586
183,6.101587424054742,62.17643152922392,1014.6813852974586
184,0.5954762734472752,136.05002276599407,997.1370082180212
185,0.5954762734472752,62.17643152922392,1048.981620070891
186,3.2329922914505005,18.042303435504436,2259.1205419066373
187,6.509360130876303,18.042303435504436,2232.901542961542
188,3.2329922914505005,144.5358356460929,1244.4951811170029
189,3.2329922914505005,144.5358356460929,1244.4951811170029
190,6.509360130876303,18.042303435504436,2232.901542961542
191,6.509360130876303,144.5358356460929,1271.47556844072
192,3.287336155772209,172.92311005294323,2031.0788933281253
193,9.285318916663527,172.92311005294323,2090.6612128453908
194,3.287336155772209,186.8546947836876,2416.945967974334
195,3.287336155772209,186.8546947836876,2416.945967974334
196,9.285318916663527,172.92311005294323,2090.6612128453908
197,9.285318916663527,186.8546947836876,2476.3357474795525
198,6.048433119431138,78.45369409769773,564.7196231687404
199,2.6625784765928984,78.45369409769773,589.2286265541667
200,6.048433119431138,20.095662027597427,2180.4404402963537
201,6.048433119431138,20.095662027597427,2180.4404402963537
202,2.6625784765928984,78.45369409769773,589.2286265541667
203,2.6625784765928984,20.095662027597427,2205.578082905955
204,7.93787894770503,129.65997140854597,876.0104632420374
205,7.089190362021327,129.65997140854597,865.9789625687127
206,7.93787894770503,116.4320444688201,510.8008741633176
207,7.93787894770503,116.4320444688201,510.8008741633176
208,7.089190362021327,129.65997140854597,865.9789625687127
209,7.089190362021327,116.4320444688201,500.3769337598946
210,0.2254193928092718,22.492214664816856,2149.216306249967
211,1.12892790697515,22.492214664816856,2146.3021903592858
212,0.2254193928092718,77.81994920223951,616.7758234392315
213,0.2254193928092718,77.81994920223951,616.7758234392315
214,1.12892790697515,22.492214664816856,2146.3021903592858
215,1.12892790697515,77.81994920223951,613.8595770740345
216,1.4678895100951195,113.61984014511108,379.04965489404697
217,4.868508484214544,113.61984014511108,400.3715896295394
218,1.4678895100951195,65.62691982835531,950.2405238619486
219,1.4678895100951195,65.62691982835531,950.2405238619486
220,4.868508484214544,113.61984014511108,400.3715896295394
221,4.868508484214544,65.62691982835531,929.6850306062468
222,9.194806786254048,31.50088805705309,1830.2222867458722
223,8.329999838024378,31.50088805705309,1840.6690471104666
224,9.194806786254048,127.0167438313365,819.8134002678845
225,9.194806786254048,127.0167438313365,819.8134002678845
226,8.329999838024378,31.50088805705309,1840.6690471104666
227,8.329999838024378,127.0167438313365,807.9575834954538
228,7.285419646650553,182.66439903527498,2335.560384181147
229,1.4229881949722767,182.66439903527498,2291.2276087984797
230,7.285419646650553,36.04842573404312,1726.3736569464888
231,7.285419646650553,36.04842573404312,1726.3736569464888
232,1.4229881949722767,182.66439903527498,2291.2276087984797
233,1.4229881949722767,36.04842573404312,1769.6764911789508
234,4.548546029254794,63.24383467435837,998.1521371349835
235,5.544519107788801,63.24383467435837,990.0885352849988
236,4.548546029254794,169.2874975502491,1939.249122185525
237,4.548546029254794,169.2874975502491,1939.249122185525
238,5.544519107788801,63.24383467435837,990.0885352849988
239,5.544519107788801,169.2874975502491,1947.6030903387916
240,4.196036206558347,144.02507916092873,1236.907892376062
241,2.3790825344622135,144.02507916092873,1225.4624582802996
242,4.196036206558347,149.17053431272507,1379.4142506661324
243,4.196036206558347,149.17053431272507,1379.4142506661324
244,2.3790825344622135,144.02507916092873,1225.4624582802996
245,2.3790825344622135,149.17053431272507,1367.9778912569502
246,6.469080783426762,1.0952750220894814,2702.636730587557
247,5.839035119861364,1.0952750220894814,2708.5904899430307
248,6.469080783426762,56.55606761574745,1166.8231103834203
249,6.469080783426762,56.55606761574745,1166.8231103834203
250,5.839035119861364,1.0952750220894814,2708.5904899430307
251,5.839035119861364,56.55606761574745,1172.67249566746
252,9.549775449559093,150.76799634844065,1481.2766009461982
253,3.9124285988509655,150.76799634844065,1421.6122735857184
254,9.549775449559093,153.77439614385366,1564.44088353635
255,9.549775449559093,153.77439614385366,1564.44088353635
256,3.9124285988509655,150.76799634844065,1421.6122735857184
257,3.9124285988509655,153.77439614385366,1504.878577154581
258,2.286610919982195,95.13985142111778,129.1065774151819
259,8.035469371825457,95.13985142111778,97.42488055463559
260,2.286610919982195,39.259946160018444,1676.7672986673308
261,2.286610919982195,39.259946160018444,1676.7672986673308
262,8.035469371825457,95.13985142111778,97.42488055463559
263,8.035469371825457,39.259946160018444,1629.257928764087
264,1.04968280531466,190.92904962599277,2518.692128132116
265,6.794669581577182,190.92904962599277,2559.135252592573
266,1.04968280531466,4.577941261231899,2642.7770270059646
267,1.04968280531466,4.577941261231899,2642.7770270059646
268,6.794669581577182,190.92904962599277,2559.135252592573
269,6.794669581577182,4.577941261231899,2602.9388519847676
270,8.288547694683075,60.44736560434103,1040.112553964109
271,0.1728383358567953,60.44736560434103,1098.0930820932658
272,8.288547694683075,190.0646237656474,2552.255869983116
273,8.288547694683075,190.0646237656474,2552.255869983116
274,0.1728383358567953,60.44736560434103,1098.0930820932658
275,0.1728383358567953,190.0646237656474,2491.9902338346037
276,5.226669078692794,109.9675526842475,302.580964132602
277,9.579844614490867,109.9675526842475,358.0317873982906
278,5.226669078692794,99.97827559709549,34.49335024885619
279,5.226669078692794,99.97827559709549,34.49335024885619
280,9.579844614490867,109.9675526842475,358.0317873982906
281,9.579844614490867,99.97827559709549,106.15771246484064
282,2.9390904866158962,42.18425638973713,1592.215500083152
283,3.618663130328059,42.18425638973713,1587.9985987644916
284,2.9390904866158962,107.36265257000923,213.22644375705346
285,2.9390904866158962,107.36265257000923,213.22644375705346
286,3.618663130328059,42.18425638973713,1587.9985987644916
287,3.618663130328059,107.36265257000923,217.64080109660338
288,2.73528466001153,100.69620609283447,28.08624687386715
289,5.95932493917644,100.69620609283447,59.837834397593724
290,2.73528466001153,29.98470738530159,1931.27341174632
291,2.73528466001153,29.98470738530159,1931.27341174632
292,5.95932493917644,100.69620609283447,59.837834397593724
293,5.95932493917644,29.98470738530159,1907.3938786186752
294,5.349897248670459,45.19318360835314,1491.5996673182615
295,1.9168408866971731,45.19318360835314,1514.2309581973514
296,5.349897248670459,163.24799209833145,1778.611327115396
297,5.349897248670459,163.24799209833145,1778.611327115396
298,1.9168408866971731,45.19318360835314,1514.2309581973514
299,1.9168408866971731,163.24799209833145,1755.603812304782
300,8.480182997882366,193.96259058266878,2662.5820111202265
301,7.509915819391608,193.96259058266878,2650.9618417583984
302,8.480182997882366,72.08742778748274,716.3385159796355
303,8.480182997882366,72.08742778748274,716.3385159796355
304,7.509915819391608,193.96259058266878,2650.9618417583984
305,7.509915819391608,72.08742778748274,726.7014843634284
306,0.9337390679866076,51.15180462598801,1353.2112540722578
307,4.135402766987681,51.15180462598801,1336.079111857359
308,0.9337390679866076,133.4530120715499,926.3305884782686
309,0.9337390679866076,133.4530120715499,926.3305884782686
310,4.135402766987681,51.15180462598801,1336.079111857359
311,4.135402766987681,133.4530120715499,943.6702618308141
312,2.17557979747653,160.05135588347912,1668.3121883115452
313,0.3749167360365391,160.05135588347912,1661.2532548077704
314,2.17557979747653,122.89211135357618,639.100363405215
315,2.17557979747653,122.89211135357618,639.100363405215
316,0.3749167360365391,160.05135588347912,1661.2532548077704
317,0.3749167360365391,122.89211135357618,632.0344949442333
318,9.736481448635459,92.09410976618528,163.9184765474129
319,6.2506393156945705,92.09410976618528,187.14117783633046
320,9.736481448635459,84.2565631493926,369.0576046698874
321,9.736481448635459,84.2565631493926,369.0576046698874
322,6.2506393156945705,92.09410976618528,187.14117783633046
323,6.2506393156945705,84.2565631493926,402.5836910131154
324,6.587475016713142,141.00393932312727,1174.5038772374025
325,3.17733658477664,141.00393932312727,1146.3282080652625
326,6.587475016713142,180.79129830002785,2276.2307893863604
327,6.587475016713142,180.79129830002785,2276.2307893863604
328,3.17733658477664,141.00393932312727,1146.3282080652625
329,3.17733658477664,180.79129830002785,2248.323023179313
330,3.9970857743173838,10.354408249258995,2467.011386515058
331,9.71859173849225,10.354408249258995,2408.8293261002727
332,3.9970857743173838,14.055739343166351,2364.495351936176
333,3.9970857743173838,14.055739343166351,2364.495351936176
334,9.71859173849225,10.354408249258995,2408.8293261002727
335,9.71859173849225,14.055739343166351,2306.369595497323
336,4.737730240449309,179.61865104734898,2226.878282160575
337,2.8852475248277187,179.61865104734898,2214.0989043347936
338,4.737730240449309,93.54814365506172,158.38065589114538
339,4.737730240449309,93.54814365506172,158.38065589114538
340,2.8852475248277187,179.61865104734898,2214.0989043347936
341,2.8852475248277187,93.54814365506172,170.02026449456818
342,7.176790442317724,72.52718862146139,717.9298371586844
343,8.760070446878672,72.52718862146139,701.0919055169959
344,7.176790442317724,100.90831071138382,82.22483320524928
345,7.176790442317724,100.90831071138382,82.22483320524928
346,8.760070446878672,72.52718862146139,701.0919055169959
347,8.760070446878672,100.90831071138382,109.25169499549581
348,8.998334566131234,122.8789797052741,702.8805094883512
349,0.6669913418591022,122.8789797052741,632.5582212256073
350,8.998334566131234,10.623588971793652,2410.6050545932203
351,8.998334566131234,10.623588971793652,2410.6050545932203
352,0.6669913418591022,122.8789797052741,632.5582212256073
353,0.6669913418591022,10.623588971793652,2476.641880961248
354,1.5886856615543365,28.47975380718708,1978.6170934281158
355,7.209175061434507,28.47975380718708,1936.7484081787145
356,1.5886856615543365,196.13450225442648,2665.0102143944164
357,1.5886856615543365,196.13450225442648,2665.0102143944164
358,7.209175061434507,28.47975380718708,1936.7484081787145
359,7.209175061434507,196.13450225442648,2707.747271394759
360,0.3511281590908766,132.66890421509743,902.7591493330361
361,8.468441879376769,132.66890421509743,965.963050901343
362,0.3511281590908766,159.8203895613551,1654.7880726248231
363,0.3511281590908766,159.8203895613551,1654.7880726248231
364,8.468441879376769,132.66890421509743,965.963050901343
365,8.468441879376769,159.8203895613551,1717.1590994502535
366,7.7364774234592915,13.220874406397343,2353.5690878480955
367,4.427487058565021,13.220874406397343,2384.4873430778243
368,7.7364774234592915,45.329383574426174,1464.5754727108579
369,7.7364774234592915,45.329383574426174,1464.5754727108579
370,4.427487058565021,13.220874406397343,2384.4873430778243
371,4.427487058565021,45.329383574426174,1495.197572309987
372,5.934969978407025,163.62754348665476,1794.4620987162555
373,5.000793961808085,163.62754348665476,1786.137216227534
374,5.934969978407025,142.73998513817787,1216.0505543600345
375,5.934969978407025,142.73998513817787,1216.0505543600345
376,5.000793961808085,163.62754348665476,1786.137216227534
377,5.000793961808085,142.73998513817787,1207.6671071364665
378,3.4813757613301277,81.48722872138023,500.3769570543195
379,1.624761512503028,81.48722872138023,510.28769911918386
380,3.4813757613301277,50.10204762220383,1369.5949876563711
381,3.4813757613301277,50.10204762220383,1369.5949876563711
382,1.624761512503028,81.48722872138023,510.28769911918386
383,1.624761512503028,50.10204762220383,1379.577883560326
384,3.5495513677597046,183.8501524180174,2335.4141006654268
385,5.381910288706422,183.8501524180174,2349.478670602263
386,3.5495513677597046,103.12323104590178,100.08478762239332
387,3.5495513677597046,103.12323104590178,100.08478762239332
388,5.381910288706422,183.8501524180174,2349.478670602263
389,5.381910288706422,103.12323104590178,116.16840892139331
390,5.788378128781915,64.38219081610441,956.4418261841674
391,1.264018015936017,64.38219081610441,985.5358456896519
392,5.788378128781915,91.73300471156836,200.55717149267318
393,5.788378128781915,91.73300471156836,200.55717149267318
394,1.264018015936017,64.38219081610441,985.5358456896519
395,1.264018015936017,91.73300471156836,227.98635625235082
396,7.726456578820944,115.59314709156752,484.98477980081583
397,8.16544589586556,115.59314709156752,490.7010838382298
398,7.726456578820944,195.20134553313255,2687.757215442371
399,7.726456578820944,195.20134553313255,2687.757215442371
400,8.16544589586556,115.59314709156752,490.7010838382298
401,8.16544589586556,195.20134553313255,2692.985861604409
402,0.43899244628846645,33.4267970174551,1845.7516301955184
403,4.7101101372390985,33.4267970174551,1822.6877351434932
404,0.43899244628846645,11.962628364562988,2440.256374438835
405,0.43899244628846645,11.962628364562988,2440.256374438835
406,4.7101101372390985,33.4267970174551,1822.6877351434932
407,4.7101101372390985,11.962628364562988,2417.167025728751
408,1.6959000006318092,130.80299198627472,855.9553954869722
409,0.9693758934736252,130.80299198627472,853.0577537448557
410,1.6959000006318092,44.394700974226,1537.3471397940632
411,1.6959000006318092,44.394700974226,1537.3471397940632
412,0.9693758934736252,130.80299198627472,853.0577537448557
413,0.9693758934736252,44.394700974226,1540.2402165075634
414,8.96890644915402,23.685494251549244,2049.3564944245277
415,6.92594263702631,23.685494251549244,2072.4479009266884
416,8.96890644915402,161.1548513174057,1760.6358897320351
417,8.96890644915402,161.1548513174057,1760.6358897320351
418,6.92594263702631,23.685494251549244,2072.4479009266884
419,6.92594263702631,161.1548513174057,1736.006534051947
420,7.0495677180588245,174.84146524220705,2116.3364774349475
421,2.504742853343487,174.84146524220705,2079.6603951684606
422,7.0495677180588245,52.31849383562803,1278.3796812667758
423,7.0495677180588245,52.31849383562803,1278.3796812667758
424,2.504742853343487,174.84146524220705,2079.6603951684606
425,2.504742853343487,52.31849383562803,1313.9451472956976
426,4.786517648026347,80.42230755090714,520.7038657003375
427,9.121422916650772,80.42230755090714,479.93548516213633
428,4.786517648026347,140.92942383140326,1155.7573544288473
429,4.786517648026347,140.92942383140326,1155.7573544288473
430,9.121422916650772,80.42230755090714,479.93548516213633
431,9.121422916650772,140.92942383140326,1203.1488353597417
432,3.967677028849721,111.2101323902607,326.57793516746636
433,3.460260070860386,111.2101323902607,323.0334968401206
434,3.967677028849721,164.17182814329863,1793.242101940897
435,3.967677028849721,164.17182814329863,1793.242101940897
436,3.460260070860386,111.2101323902607,323.0334968401206
437,3.460260070860386,164.17182814329863,1789.797002078356
438,6.694708727300167,43.27873084694147,1532.2284921918965
439,9.415295347571373,43.27873084694147,1501.5557259283944
440,6.694708727300167,28.685506246984005,1936.324635296032
441,6.694708727300167,28.685506246984005,1936.324635296032
442,9.415295347571373,43.27873084694147,1501.5557259283944
443,9.415295347571373,28.685506246984005,1905.3594620213407
444,9.785288227722049,192.94697586447,2651.9795152567654
445,0.013863295316696167,192.94697586447,2571.419614815949
446,9.785288227722049,131.27187713980675,945.9340037424003
447,9.785288227722049,131.27187713980675,945.9340037424003
448,0.013863295316696167,192.94697586447,2571.419614815949
449,0.013863295316696167,131.27187713980675,863.1727427786873
450,2.0483764447271824,62.31718584895134,1039.317951779881
451,6.632065586745739,62.31718584895134,1005.7724442630313
452,2.0483764447271824,73.8870918750763,718.862674451436
453,2.0483764447271824,73.8870918750763,718.862674451436
454,6.632065586745739,62.31718584895134,1005.7724442630313
455,6.632065586745739,73.8870918750763,685.6448483047315
456,0.7871284428983927,151.85800530016422,1435.6000304236386
457,7.871578233316541,151.85800530016422,1489.3689746159382
458,0.7871284428983927,82.08000585436821,497.0800647696532
459,0.7871284428983927,82.08000585436821,497.0800647696532
460,7.871578233316541,151.85800530016422,1489.3689746159382
461,7.871578233316541,82.08000585436821,447.3390986967939
462,8.548339828848839,96.3747238740325,73.68121925720884
463,3.7545881513506174,96.3747238740325,87.01182803788662
464,8.548339828848839,124.69330132007599,746.6942294085957
465,8.548339828848839,124.69330132007599,746.6942294085957
466,3.7545881513506174,96.3747238740325,87.01182803788662
467,3.7545881513506174,124.69330132007599,698.368447778021
468,5.437742760404944,145.90262975543737,1299.0307208488905
469,5.675792107358575,145.90262975543737,1301.1901931392954
470,5.437742760404944,14.974997751414776,2327.739743301267
471,5.437742760404944,14.974997751414776,2327.739743301267
472,5.675792107358575,145.90262975543737,1301.1901931392954
473,5.675792107358575,14.974997751414776,2325.6510785550854
474,2.725245039910078,3.117688372731209,2675.476918912045
475,2.219525845721364,3.117688372731209,2678.1553238959405
476,2.725245039910078,179.490571282804,2209.6381419619142
477,2.725245039910078,179.490571282804,2209.6381419619142
478,2.219525845721364,3.117688372731209,2678.1553238959405
479,2.219525845721364,179.490571282804,2206.949106913271
480,2.850992549210787,142.89349615573883,1196.7142517785126
481,9.88245909102261,142.89349615573883,1268.3978552847802
482,2.850992549210787,58.357285521924496,1144.7771668599821
483,2.850992549210787,58.357285521924496,1144.7771668599821
484,9.88245909102261,142.89349615573883,1268.3978552847802
485,9.88245909102261,58.357285521924496,1078.8172103930274
486,5.236303685232997,12.388828583061695,2401.0851583243702
487,3.3350481931120157,12.388828583061695,2415.0715408295027
488,5.236303685232997,146.9939513131976,1327.4807147668648
489,5.236303685232997,146.9939513131976,1327.4807147668648
490,3.3350481931120157,12.388828583061695,2415.0715408295027
491,3.3350481931120157,146.9939513131976,1313.2189921845602
492,8.434762842953205,161.15374732762575,1753.639239341749
493,6.413934687152505,161.15374732762575,1730.6441053190265
494,8.434762842953205,37.95923888683319,1660.6682348709871
495,8.434762842953205,37.95923888683319,1660.6682348709871
496,6.413934687152505,161.15374732762575,1730.6441053190265
497,6.413934687152505,37.95923888683319,1682.2739876434862
498,0.9812830854207277,93.341363966465,184.49506521591806
499,0.5345736164599657,93.341363966465,185.98131102846278
500,0.9812830854207277,154.69363257288933,1514.8124726160252
501,0.9812830854207277,154.69363257288933,1514.8124726160252
502,0.5345736164599657,93.341363966465,185.98131102846278
503,0.5345736164599657,154.69363257288933,1513.330784731045
504,2.2375993989408016,195.992536470294,2664.1033021619423
505,4.293772466480732,195.992536470294,2676.9499629647858
506,2.2375993989408016,188.7654423713684,2463.9307955503973
507,2.2375993989408016,188.7654423713684,2463.9307955503973
508,4.293772466480732,195.992536470294,2676.9499629647858
509,4.293772466480732,188.7654423713684,2476.781169729344
510,9.676621472463012,53.03364526480436,1228.5073764894853
511,7.674345746636391,53.03364526480436,1252.010971299107
512,9.676621472463012,5.501755326986313,2543.720087591676
513,9.676621472463012,5.501755326986313,2543.720087591676
514,7.674345746636391,53.03364526480436,1252.010971299107
515,7.674345746636391,5.501755326986313,2568.015000803377
516,6.498122662305832,101.95120554417372,98.27961481217072
517,2.07585871219635,101.95120554417372,58.7035143414409
518,6.498122662305832,109.16234459728003,293.3317416703151
519,6.498122662305832,109.16234459728003,293.3317416703151
520,2.07585871219635,101.95120554417372,58.7035143414409
521,2.07585871219635,109.16234459728003,258.34375954621044
522,4.0885882172733545,46.30007706582546,1470.7862261397077
523,6.122038625180721,46.30007706582546,1454.0739239456661
524,4.0885882172733545,97.79711496084929,46.779922204589774
525,4.0885882172733545,97.79711496084929,46.779922204589774
526,6.122038625180721,46.30007706582546,1454.0739239456661
527,6.122038625180721,97.79711496084929,42.33516199098995
528,4.675372680649161,165.55793024599552,1836.9516212791987
529,1.7844230681657791,165.55793024599552,1818.9754424377109
530,4.675372680649161,21.430151723325253,2155.22061711293
531,4.675372680649161,21.430151723325253,2155.22061711293
532,1.7844230681657791,165.55793024599552,1818.9754424377109
533,1.7844230681657791,21.430151723325253,2173.014243074292
534,7.2363887540996075,83.46787448972464,415.31730773495735
535,5.164084620773792,83.46787448972464,433.486758866433
536,7.2363887540996075,185.91998647898436,2425.1727186922567
537,7.2363887540996075,185.91998647898436,2425.1727186922567
538,5.164084620773792,83.46787448972464,433.486758866433
539,5.164084620773792,185.91998647898436,2404.9224609977487
540,9.087339425459504,133.82433261722326,1006.2772525852049
541,4.585203491151333,133.82433261722326,957.3829853198912
542,9.087339425459504,76.00940763950348,601.497774459665
543,9.087339425459504,76.00940763950348,601.497774459665
544,4.585203491151333,133.82433261722326,957.3829853198912
545,4.585203491151333,76.00940763950348,644.3928414983696
546,1.4969120174646378,14.426561072468758,2368.2437491323785
547,8.63230437040329,14.426561072468758,2309.797155301999
548,1.4969120174646378,118.64846870303154,518.4505592238095
549,1.4969120174646378,118.64846870303154,518.4505592238095
550,8.63230437040329,14.426561072468758,2309.797155301999
551,8.63230437040329,118.64846870303154,581.1682621109029
552,0.23507277481257915,124.8642809689045,686.2688637043401
553,7.371883923187852,124.8642809689045,736.6016642662515
554,0.23507277481257915,125.20162463188171,695.6124200569296
555,0.23507277481257915,125.20162463188171,695.6124200569296
556,7.371883923187852,124.8642809689045,736.6016642662515
557,7.371883923187852,125.20162463188171,745.9270264287381
558,7.849799785763025,30.41765782982111,1876.1398417383755
559,0.8260140288621187,30.41765782982111,1927.869033264889
560,7.849799785763025,67.84181818366051,840.4816952306187
561,7.849799785763025,67.84181818366051,840.4816952306187
562,0.8260140288621187,30.41765782982111,1927.869033264889
563,0.8260140288621187,67.84181818366051,891.3115495111543
564,5.98005217500031,180.8167988434434,2270.935664095984
565,8.92449569888413,180.8167988434434,2304.3272047782043
566,5.98005217500031,170.62656488269567,1988.7209157395596
567,5.98005217500031,170.62656488269567,1988.7209157395596
568,8.92449569888413,180.8167988434434,2304.3272047782043
569,8.92449569888413,170.62656488269567,2022.2192767177041
570,3.4335700795054436,73.67793843150139,716.9435812141425
571,3.043621936812997,73.67793843150139,719.3293610803356
572,3.4335700795054436,35.115243308246136,1784.9892665531067
573,3.4335700795054436,35.115243308246136,1784.9892665531067
574,3.043621936812997,73.67793843150139,719.3293610803356
575,3.043621936812997,35.115243308246136,1787.3927924235231
576,3.164425678551197,115.6299913302064,443.5083272199964
577,0.27302995324134827,115.6299913302064,430.60667246417097
578,3.164425678551197,95.99489346146584,100.8282343128521
579,3.164425678551197,95.99489346146584,100.8282343128521
580,0.27302995324134827,115.6299913302064,430.60667246417097
581,0.27302995324134827,95.99489346146584,113.25648417473693
582,6.247940855100751,35.34364327788353,1756.292943777239
583,6.850648634135723,35.34364327788353,1750.3854492865846
584,6.247940855100751,109.60658639669418,302.7988729154068
585,6.247940855100751,109.60658639669418,302.7988729154068
586,6.850648634135723,35.34364327788353,1750.3854492865846
587,6.850648634135723,109.60658639669418,309.5904781874113
588,8.049343395978212,184.86377969384193,2405.3209419577042
589,3.6796042695641518,184.86377969384193,2364.355051168162
590,8.049343395978212,0.7671771571040154,2694.89022100594
591,8.049343395978212,0.7671771571040154,2694.89022100594
592,3.6796042695641518,184.86377969384193,2364.355051168162
593,3.6796042695641518,0.7671771571040154,2734.727364059947
594,0.03430205397307873,66.88514743000269,920.1379775808698
595,9.67523269355297,66.88514743000269,846.0153519174686
596,0.03430205397307873,192.5265645608306,2559.825641658896
597,0.03430205397307873,192.5265645608306,2559.825641658896
598,9.67523269355297,66.88514743000269,846.0153519174686
599,9.67523269355297,192.5265645608306,2638.7781742866096
600,1.277841478586197,168.92128493636847,1909.9955280211748
601,5.934344241395593,168.92128493636847,1941.0603667100356
602,1.277841478586197,151.52494590729475,1428.1596184436212
603,1.277841478586197,151.52494590729475,1428.1596184436212
604,5.934344241395593,168.92128493636847,1941.0603667100356
605,5.934344241395593,151.52494590729475,1459.3030536675385
606,9.30764571763575,75.7961917668581,604.8892291534668
607,2.439945312216878,75.7961917668581,664.0234120017991
608,9.30764571763575,43.28546579927206,1502.7173143382395
609,9.30764571763575,43.28546579927206,1502.7173143382395
610,2.439945312216878,75.7961917668581,664.0234120017991
611,2.439945312216878,43.28546579927206,1564.4787394152688
612,7.485996689647436,125.46895779669285,754.663476040547
613,8.091527419164777,125.46895779669285,762.1221049281743
614,7.485996689647436,146.75075486302376,1343.4556425130806
615,7.485996689647436,146.75075486302376,1343.4556425130806
616,8.091527419164777,125.46895779669285,762.1221049281743
617,8.091527419164777,146.75075486302376,1350.6938577063574
618,4.4270100351423025,20.036101900041103,2195.731208934711
619,4.01269861496985,20.036101900041103,2198.7472867932597
620,4.4270100351423025,60.36129146814346,1078.8926677891245
621,4.4270100351423025,60.36129146814346,1078.8926677891245
622,4.01269861496985,20.036101900041103,2198.7472867932597
623,4.01269861496985,60.36129146814346,1081.8863001757697
624,4.308876479044557,188.32073491066694,2464.577028698762
625,8.425082238391042,188.32073491066694,2505.6669980641163
626,4.308876479044557,33.603332191705704,1820.8444513866748
627,4.308876479044557,33.603332191705704,1820.8444513866748
628,8.425082238391042,188.32073491066694,2505.6669980641163
629,8.425082238391042,33.603332191705704,1781.3560028555064
630,6.2790340930223465,56.39711879193783,1173.0307325897963
631,4.929754147306085,56.39711879193783,1184.7896967165882
632,6.2790340930223465,173.11814278364182,2060.6251642642037
633,6.2790340930223465,173.11814278364182,2060.6251642642037
634,4.929754147306085,56.39711879193783,1184.7896967165882
635,4.929754147306085,173.11814278364182,2048.3979373924285
636,9.428240796551108,107.5606744736433,290.69771608925305
637,5.600803876295686,107.5606744736433,239.786956970566
638,9.428240796551108,63.4028909727931,945.1018766686561
639,9.428240796551108,63.4028909727931,945.1018766686561
640,5.600803876295686,107.5606744736433,239.786956970566
641,5.600803876295686,63.4028909727931,985.1982566957263
642,2.4871893040835857,37.94477414339781,1712.1525496890674
643,1.5228753257542849,37.94477414339781,1716.7383570246002
644,2.4871893040835857,131.016949377954,865.7450731469332
645,2.4871893040835857,131.016949377954,865.7450731469332
646,1.5228753257542849,37.94477414339781,1716.7383570246002
647,1.5228753257542849,131.016949377954,861.1351998817199
648,1.2491894979029894,147.81936276704073,1325.4121470157663
649,2.7625439688563347,147.81936276704073,1332.6404477326353
650,1.2491894979029894,112.64354269951582,351.12868684833956
651,1.2491894979029894,112.64354269951582,351.12868684833956
652,2.7625439688563347,147.81936276704073,1332.6404477326353
653,2.7625439688563347,112.64354269951582,358.4041977607506
654,8.16563617438078,3.154657781124115,2627.4333967585285
655,9.341682642698288,3.154657781124115,2613.053861537662
656,8.16563617438078,80.25952037423849,494.4455101782284
657,8.16563617438078,80.25952037423849,494.4455101782284
658,9.341682642698288,3.154657781124115,2613.053861537662
659,9.341682642698288,80.25952037423849,482.0304712170267
660,5.035550696775317,154.3608844280243,1529.7871047932367
661,1.1900951713323593,154.3608844280243,1506.3684576757337
662,5.035550696775317,182.84894302487373,2318.7819478207975
663,5.035550696775317,182.84894302487373,2318.7819478207975
664,1.1900951713323593,154.3608844280243,1506.3684576757337
665,1.1900951713323593,182.84894302487373,2295.4178501486103
666,3.0505538918077946,97.3884167149663,63.07375126578667
667,7.184193767607212,97.3884167149663,52.1238601548974
668,3.0505538918077946,22.361858189105988,2140.5858697734598
669,3.0505538918077946,22.361858189105988,2140.5858697734598
670,7.184193767607212,97.3884167149663,52.1238601548974
671,7.184193767607212,22.361858189105988,2106.4214011449894
672,2.6221404038369656,157.57734086364508,1602.126011170036
673,4.522414468228817,157.57734086364508,1614.720245764882
674,2.6221404038369656,140.29067903757095,1123.3328622355482
675,2.6221404038369656,140.29067903757095,1123.3328622355482
676,4.522414468228817,157.57734086364508,1614.720245764882
677,4.522414468228817,140.29067903757095,1135.9643916696987
678,5.539639955386519,87.93397434055805,307.0726889201579
679,8.529532551765442,87.93397434055805,281.04306699209275
680,5.539639955386519,53.92468646168709,1248.174078129057
681,5.539639955386519,53.92468646168709,1248.174078129057
682,8.529532551765442,87.93397434055805,281.04306699209275
683,8.529532551765442,53.92468646168709,1217.7642429421353
684,8.601413667201996,138.34068812429905,1124.5313541628582
685,1.681201234459877,138.34068812429905,1064.665795136359
686,8.601413667201996,157.5883274897933,1657.0849367637923
687,8.601413667201996,157.5883274897933,1657.0849367637923
688,1.681201234459877,138.34068812429905,1064.665795136359
689,1.681201234459877,157.5883274897933,1597.777498514315
690,0.7328567001968622,6.395710073411465,2593.5295950923078
691,5.100836046040058,6.395710073411465,2568.2036705050655
692,0.7328567001968622,49.32540338486433,1404.4823534117245
693,0.7328567001968622,49.32540338486433,1404.4823534117245
694,5.100836046040058,6.395710073411465,2568.2036705050655
695,5.100836046040058,49.32540338486433,1379.242910583508
696,1.9757667370140553,104.3318236246705,124.08830951558922
697,8.859880985692143,104.3318236246705,195.62137273801267
698,1.9757667370140553,6.830904446542263,2576.4944017769863
699,1.9757667370140553,6.830904446542263,2576.4944017769863
700,8.859880985692143,104.3318236246705,195.62137273801267
701,8.859880985692143,6.830904446542263,2517.328841173382
702,9.85908660106361,47.43564948439598,1380.938215024849
703,2.9414562974125147,47.43564948439598,1446.752908661194
704,9.85908660106361,198.56606107205153,2808.6011934451394
705,9.85908660106361,198.56606107205153,2808.6011934451394
706,2.9414562974125147,47.43564948439598,1446.752908661194
707,2.9414562974125147,198.56606107205153,2739.2211120308984
708,6.7782870307564735,197.78738990426064,2748.901907870038
709,7.270497316494584,197.78738990426064,2754.1983226632265
710,6.7782870307564735,89.5344004034996,252.7998583449698
711,6.7782870307564735,89.5344004034996,252.7998583449698
712,7.270497316494584,197.78738990426064,2754.1983226632265
713,7.270497316494584,89.5344004034996,248.6290587820222
714,3.88531600125134,53.19287572056055,1281.3037246483739
715,0.7621497381478548,53.19287572056055,1297.265979126087
716,3.88531600125134,103.1703032553196,103.89041037988507
717,3.88531600125134,103.1703032553196,103.89041037988507
718,0.7621497381478548,53.19287572056055,1297.265979126087
719,0.7621497381478548,103.1703032553196,86.98892551294294
720,4.860336733981967,134.95983947068453,991.0487778358862
721,6.350985923781991,134.95983947068453,1004.7552033921874
722,4.860336733981967,176.80296450853348,2149.884373660152
723,4.860336733981967,176.80296450853348,2149.884373660152
724,6.350985923781991,134.95983947068453,1004.7552033921874
725,6.350985923781991,176.80296450853348,2163.386729739899
726,6.976978722959757,16.807256639003754,2262.3990789561735
727,0.4310507792979479,16.807256639003754,2306.095455302816
728,6.976978722959757,16.292405873537064,2276.6567888289933
729,6.976978722959757,16.292405873537064,2276.6567888289933
730,0.4310507792979479,16.807256639003754,2306.095455302816
731,0.4310507792979479,16.292405873537064,2320.355557218933
732,8.886566134169698,165.71703553199768,1885.8141789533877
733,9.779377924278378,165.71703553199768,1898.175797375975
734,8.886566134169698,119.07410081475973,596.4720408280897
735,8.886566134169698,119.07410081475973,596.4720408280897
736,9.779377924278378,165.71703553199768,1898.175797375975
737,9.779377924278378,119.07410081475973,609.8907518405867
738,1.7794990167021751,85.26284117251635,405.03382310489485
739,3.2725697103887796,85.26284117251635,397.1272384389963
740,1.7794990167021751,86.7135314270854,364.85414068661345
741,1.7794990167021751,86.7135314270854,364.85414068661345
742,3.2725697103887796,85.26284117251635,397.1272384389963
743,3.2725697103887796,86.7135314270854,356.9597481853106
744,0.5408698227256536,175.40933173149824,2087.1240355629843
745,2.012304961681366,175.40933173149824,2092.8935838647662
746,0.5408698227256536,69.83300801366568,837.0827069705882
747,0.5408698227256536,69.83300801366568,837.0827069705882
748,2.012304961681366,175.40933173149824,2092.8935838647662
749,2.012304961681366,69.83300801366568,831.3219292433483
750,7.6233321242034435,70.10159753262997,780.411799616836
751,6.020342670381069,70.10159753262997,796.0495963012387
752,7.6233321242034435,137.4713061377406,1088.2507847175027
753,7.6233321242034435,137.4713061377406,1088.2507847175027
754,6.020342670381069,70.10159753262997,796.0495963012387
755,6.020342670381069,137.4713061377406,1070.9970275395851
756,5.734086567535996,118.87104921042919,553.4423957230913
757,4.191305823624134,118.87104921042919,540.2939918497598
758,5.734086567535996,27.557675540447235,1976.6514422090117
759,5.734086567535996,27.557675540447235,1976.6514422090117
760,4.191305823624134,118.87104921042919,540.2939918497598
761,4.191305823624134,27.557675540447235,1989.1473427810745
762,3.602605387568474,25.864974968135357,2040.0989818524756
763,7.610030844807625,25.864974968135357,2004.8473463136468
764,3.602605387568474,167.04827323555946,1870.401365236752
765,3.602605387568474,167.04827323555946,1870.401365236752
766,7.610030844807625,25.864974968135357,2004.8473463136468
767,7.610030844807625,167.04827323555946,1906.8243064285914
