,Run No,Loss,Reg. Loss,Repeat,N(S),H(S),NH2(S),TS4_N2(S)
0,1,0.9897856538504788,0.00845344096894036,0,2.2064520131552854,8.293457149811623,6.983146318560678,16.330708394233866
1,2,1.0297410336389292,0.0111362955569614,0,12.099906917892177,-12.24376512721811,-9.373151643681513,10.828358539053802
2,3,0.5790509260416662,0.014412547595470013,0,6.423256232000121,18.695531719491015,19.50162420627231,13.029778224116619
3,4,1.1365899066793157,0.010497396427888283,0,-8.398510862648925,13.071792811831024,-15.16161097119341,5.357671065879785
4,5,0.12442756789938166,0.005578332322277967,0,16.27855269450152,1.4963313087596788,4.038733915740597,-0.4997113701100666
5,6,0.984184793819942,0.006632092808809618,0,-6.247221695407923,2.895787052351814,15.806803830575767,1.5785586569029775
6,7,0.9703170220386367,0.008837134887323381,0,-11.165390395265746,-2.933669430053964,13.327589290439576,-7.921890433534234
7,8,1.1032871448682249,0.012548570638137396,0,19.855017160792066,6.531093318744453,9.178611073806572,-14.629560999206479
8,9,0.843402418081609,0.008869133524505137,0,9.148235210984026,4.2600571442365585,-2.6162457720990524,19.451995970700906
9,10,1.004483463852741,0.011240673100137275,0,-13.591095500536966,-10.882620343108497,-7.829911577260443,-12.659064979643196
10,11,0.9497477174362826,0.01405857843073089,0,-15.20646505153866,-17.815322810462405,3.817191006186196,-19.39533485473632
11,12,0.9344514096344071,0.006756177165264909,0,-2.0842209396989944,-8.063476848561205,-11.719226122809532,-5.1577847499898954
12,13,1.1400508163612684,0.011925634302794487,0,-0.6269981446368327,15.17311008100399,-17.627479577244657,14.274949408292478
13,14,0.9000373955379989,0.012388084226567174,0,10.204668857655651,-18.559351013115684,11.38880031545549,9.399516720041863
14,15,1.0385883362201993,0.01494717588838074,0,-17.706488218365774,10.828111975639136,-13.945224813604147,-17.308878545913906
15,16,0.6627992165761767,0.003342479353093213,0,4.5755506771727,-4.243714993141172,-1.9634234453116157,2.5872282967473623
16,17,1.217082978721342,0.014247600321698346,0,-19.165955990594853,-14.922366531993285,16.79535367397107,6.1067250902341605
17,18,0.7270648140844684,0.004340195980281766,0,1.9777221778129928,-6.2107866729923025,-5.8033063323339,-3.368968737987874
18,19,1.1173285793928678,0.012972561939329153,0,-5.660339160870862,17.61478257741905,-19.99977125036531,-8.615354768661373
19,20,0.038809214054003234,0.007096155793536483,0,15.889189511981627,-0.3307486562052553,0.5608879841288115,-11.603797021830243
20,21,0.1581790809196804,0.006170804023742676,0,17.5911865234375,-1.1540336608886719,0.9670219421386719,-4.970973968505859
21,22,0.028721735934476873,0.006109820604324338,0,15.764049530029297,0.5225162506103516,0.3578033447265625,-7.794913291931152
22,23,0.2913509825054528,0.006341996669769286,0,15.80855941772461,0.36954689025878906,-2.851055145263672,-6.338825225830078
23,24,0.182901016964698,0.007142850399017333,0,15.376277923583984,0.03993797302246094,3.3313655853271484,-9.823820114135742
24,25,0.1036120690841556,0.006790187835693359,0,16.64608383178711,1.7956428527832031,1.0609073638916016,-7.658117294311523
25,26,0.05097109859301897,0.006934361219406129,0,20.0,0.019075393676757812,1.492889404296875,-6.225480079650879
26,27,0.032052629217382445,0.0070569467544555654,0,20.0,0.7310256958007812,1.2889480590820312,-6.207813262939453
27,28,0.06167457600964948,0.007684630393981932,0,20.0,0.6144809722900391,1.1609535217285156,-8.96308708190918
28,29,0.05993884702142153,0.0064224214553833,0,20.0,0.6528472900390625,1.4140052795410156,-3.622833251953125
29,30,0.06428810919302427,0.005433775901794436,0,14.887943267822266,0.5818576812744141,1.4019355773925781,-4.863367080688477
30,31,0.05722614543266342,0.007677624225616456,0,20.0,0.5016880035400391,1.1807212829589844,-9.028087615966797
31,32,0.05958684769684499,0.0064811778068542495,0,20.0,0.5325965881347656,1.4605693817138672,-3.9315452575683594
32,33,0.058225957633108276,0.0057070798873901365,0,15.025154113769531,0.614776611328125,1.3752365112304688,-5.813152313232422
33,34,0.06895733398279616,0.007834911346435547,0,20.0,0.5082893371582031,1.0778217315673828,-9.753534317016602
34,35,0.06317160479456228,0.006457771301269533,0,20.0,0.457855224609375,1.5426063537597656,-3.8306236267089844
35,36,0.05379847636569547,0.005927246093750001,0,15.342338562011719,0.6412487030029297,1.3387413024902344,-6.386655807495117
36,37,0.022322708902772766,0.007038266658782959,0,20.0,1.1298332214355469,1.0612831115722656,-5.961950302124023
37,38,0.02254533228605125,0.006735924959182739,0,20.0,1.256540298461914,0.9214115142822266,-4.765748023986816
38,39,0.06886710071647885,0.005676076412200925,0,10.392784118652344,-1.0230789184570312,0.10347747802734375,-11.184965133666992
39,40,0.049086013773014914,0.006480401515960692,0,20.0,2.7077579498291016,1.8160457611083984,-1.3978023529052734
40,41,0.05438952429060707,0.006840724229812624,0,17.501075744628906,-0.3177661895751953,0.09453964233398438,-9.449515342712402
41,42,0.09735251846118258,0.008266669750213621,0,13.181159973144531,-1.779581069946289,0.8297748565673828,-17.27616310119629
42,43,0.0982640234409867,0.0066984052658081075,0,9.958091735839844,-0.2681388854980469,-0.4024467468261719,-16.16494369506836
43,44,0.06605259952823905,0.007379963397979739,0,20.0,2.7712631225585938,2.738039016723633,4.010551452636719
44,45,0.08739497341126023,0.0058588004112243635,0,20.0,2.777538299560547,0.17134857177734375,-0.4863147735595703
45,46,0.07662002193832988,0.005238076210021974,0,13.83438491821289,2.7750110626220703,2.206270217895508,2.136638641357422
46,47,0.1267365212551867,0.006266041278839113,0,8.772306442260742,-0.8420333862304688,1.2924041748046875,-14.157421112060547
47,48,0.17060091723384213,0.009016944885253904,0,20.0,1.3409652709960938,5.648555755615234,9.078258514404297
48,49,0.033383065777851634,0.010811094284057621,0,20.0,-1.704538345336914,-1.5398387908935547,-20.0
49,50,0.09765928655888699,0.00984493112564087,0,14.612335205078125,-2.458608627319336,-2.3087806701660156,-20.0
50,51,0.013310823632075369,0.00952441120147705,0,19.032215118408203,-1.405447006225586,-0.8005733489990234,-16.85940933227539
51,52,0.034681080788147,0.010106606960296633,0,20.0,-2.206195831298828,-0.6722316741943359,-17.54800033569336
52,53,0.058713160855521265,0.010055761814117433,0,20.0,-1.2506637573242188,-1.657674789428711,-17.314708709716797
53,54,0.1505615103089756,0.008072836399078373,0,20.0,3.493427276611328,4.835836410522461,3.9620819091796875
54,55,0.6925670402459521,0.004390868186950682,0,3.8292083740234375,1.3718681335449219,4.287197113037109,8.075199127197266
55,56,0.05994919727336336,0.009679214000701908,0,18.287826538085938,-1.3830146789550781,-0.467742919921875,-18.578271865844727
56,57,0.06418466518634684,0.008392590761184695,0,17.740768432617188,0.031169891357421875,-0.5346832275390625,-15.263741493225098
57,58,0.07984495395805563,0.008683445930480958,0,17.902652740478516,-2.3583908081054688,-0.0876312255859375,-14.385108947753906
58,59,0.15279789636759478,0.008977880001068117,0,16.99207305908203,0.5477752685546875,-0.6211719512939453,-17.750499725341797
59,60,0.13307053970534174,0.006263723850250247,0,20.0,0.8266048431396484,2.261524200439453,1.966766357421875
60,61,0.10671646315271623,0.009703565597534177,0,20.0,-3.3425941467285156,0.2806053161621094,-15.191062927246094
61,62,0.0747864161015745,0.00843693542480469,0,20.0,-1.0235176086425781,-0.4804267883300781,-12.243797302246094
62,63,0.05349377716716849,0.009803198337554933,0,15.336719512939453,-3.662759780883789,-0.21331405639648438,-20.0
63,64,0.13728804685796264,0.0100476598739624,0,17.810955047607422,-1.8230438232421875,0.556640625,-20.0
64,65,0.11367097821351572,0.008163107156753538,0,15.657970428466797,-2.2893428802490234,-0.6463069915771484,-14.058808326721191
65,66,0.13280764839989737,0.007255161762237551,0,20.0,3.596353530883789,1.2166004180908203,-4.207693099975586
66,67,0.2508752368872657,0.011826106071472168,0,20.0,-5.1700897216796875,-2.1343345642089844,-20.0
67,68,0.1494867541678776,0.005896206378936766,0,20.0,-0.16196250915527344,2.6691360473632812,0.7537269592285156
68,69,0.07852886363158038,0.0075608265399932885,0,16.447444915771484,0.4975013732910156,-0.08742332458496094,-13.210936546325684
69,70,0.09549506780947263,0.00890343236923218,0,13.791854858398438,-0.3767204284667969,-1.4451541900634766,-20.0
70,71,0.058221996418295306,0.00842972183227539,0,20.0,0.9074687957763672,-0.3883705139160156,-12.42304801940918
71,72,0.028913600313931975,0.007632104873657228,0,16.35259246826172,-1.1150531768798828,0.0396575927734375,-13.021116256713867
72,73,0.04637045686586176,0.008724316358566287,0,20.0,-0.8012580871582031,0.6675357818603516,-13.428471565246582
73,74,0.028827225272209947,0.007627196550369261,0,16.240520477294922,-1.1086959838867188,-0.04541015625,-13.11415958404541
74,75,0.06646265375162738,0.00811564588546753,0,20.0,-0.7073135375976562,-0.35076332092285156,-11.40450668334961
75,76,0.024950635537686984,0.007647951126098636,0,15.977851867675781,-1.0824050903320312,0.06753730773925781,-13.464010238647461
76,77,0.024572758983398217,0.007685835599899294,0,16.064666748046875,-1.0146713256835938,0.1244049072265625,-13.539599418640137
77,78,0.024579258015895448,0.0077112123966217045,0,15.8427734375,-1.145111083984375,-0.16901779174804688,-13.687947273254395
78,79,0.0879691071772453,0.008067691326141355,0,16.906227111816406,-0.5001869201660156,0.6078739166259766,-14.256477355957031
79,80,0.06536133955220479,0.00803495955467224,0,15.347915649414062,-1.5279369354248047,-0.786590576171875,-14.477395057678223
80,81,0.04638703340701647,0.00640040111541748,0,20.0,2.453947067260742,1.964813232421875,-1.1828441619873047
81,82,0.10969455631234178,0.01082505798339844,0,20.0,0.7211093902587891,-2.579122543334961,-20.0
82,83,0.06665100391286251,0.007968231201171875,0,20.0,1.7393531799316406,-0.1424236297607422,-9.991147994995117
83,84,0.11397688593740701,0.006937084436416627,0,15.397285461425781,1.7399711608886719,0.2733497619628906,-10.33773136138916
84,85,0.17764713627651593,0.010220275878906247,0,20.0,-0.7545051574707031,0.12659835815429688,-20.0
85,86,0.12255427814610356,0.00827798676490784,0,20.0,-0.9659996032714844,-0.8869571685791016,-11.258990287780762
86,87,0.0826212351230436,0.006539878368377687,0,20.0,2.3636837005615234,1.5737323760986328,2.222097396850586
87,88,0.016174431993359117,0.008707928180694581,0,11.328414916992188,-2.4197654724121094,-1.0835323333740234,-20.0
88,89,0.007496723911471504,0.008836097240448,0,12.024848937988281,-1.9671802520751953,-1.3523597717285156,-20.0
89,90,0.0604849564234888,0.008477818489074704,0,10.095050811767578,-3.4990482330322266,-0.31717491149902344,-20.0
90,91,0.026531377133350055,0.008753780364990239,0,11.538032531738281,-1.5383777618408203,-1.938711166381836,-20.0
91,92,0.015208074497946648,0.008908814430236814,0,12.441394805908203,-1.7139205932617188,-1.4799423217773438,-20.0
92,93,0.057056530424694656,0.008443275451660157,0,13.38608169555664,-1.8917999267578125,-1.3278923034667969,-17.167327880859375
93,94,0.03989750554715494,0.007954381942749025,0,8.932733535766602,-0.8902015686035156,-1.9945926666259766,-20.0
94,95,0.06715507302616167,0.008694885730743404,0,12.343215942382812,-1.6319103240966797,-0.8044166564941406,-20.0
95,96,0.08665033496088406,0.009264167785644534,0,12.6707763671875,-1.5295181274414062,-2.8563766479492188,-20.0
96,97,0.10336818943299125,0.006744943618774416,0,4.572879791259766,-2.224649429321289,-0.18224525451660156,-20.0
97,98,0.029866967455927523,0.00876719856262207,0,11.809680938720703,-2.594310760498047,-0.6648025512695312,-20.0
98,99,0.06148250494276678,0.008025116443634036,0,12.66168212890625,-2.0260677337646484,-1.0299797058105469,-16.382736206054688
99,100,0.12942654494249678,0.008335331439971925,0,11.815349578857422,-0.8763771057128906,-0.6495990753173828,-20.0
100,101,0.10982065556719113,0.008700993061065674,0,9.541511535644531,-3.7931365966796875,-1.4693241119384766,-20.0
101,102,0.0927924972648148,0.007338256359100344,0,5.975282669067383,0.6803150177001953,-2.697427749633789,-20.0
102,103,0.05163616541517777,0.007760790824890138,0,12.34869384765625,-1.1191749572753906,-1.5755939483642578,-15.999700546264648
103,104,0.13361251488571443,0.009239727497100832,0,12.110248565673828,-1.1229724884033203,-3.725688934326172,-20.0
104,105,0.08616384420798985,0.006836956024169922,0,20.0,1.9686546325683594,2.4791107177734375,-2.9000587463378906
105,106,0.03378050616072119,0.007573572635650636,0,12.263301849365234,-1.1466655731201172,-1.2024765014648438,-15.681846618652344
106,107,0.17582583086608183,0.0077623867988586455,0,10.172454833984375,0.006626129150390625,-0.8704662322998047,-20.0
107,108,0.17688157340170535,0.00875539255142212,0,20.0,-3.757732391357422,3.0177993774414062,-8.246038436889648
108,109,0.07709555714680318,0.007589758872985843,0,5.429203033447266,-2.680511474609375,-2.2493209838867188,-20.0
109,110,0.12175181157418798,0.00901136541366577,0,9.864814758300781,-5.093713760375977,1.0869331359863281,-20.0
110,111,0.09311026140280237,0.006547461986541747,0,20.0,5.183675765991211,0.9424057006835938,0.0637664794921875
111,112,0.17127659517547453,0.009615300655364986,0,20.0,5.497053146362305,-2.365133285522461,-10.599016189575195
112,113,0.02963019548457827,0.0067487540245056155,0,20.0,2.519519805908203,0.13098907470703125,-4.344507217407227
113,114,0.11638784815001652,0.007731099128723143,0,11.851398468017578,-2.9509201049804688,-0.6482887268066406,-15.47378921508789
114,115,0.027953413593635842,0.0067866029739379885,0,20.0,2.4871978759765625,0.16315650939941406,-4.496057510375977
115,116,0.28814263958237657,0.012154747486114502,0,20.0,2.469766616821289,-6.149223327636719,-20.0
116,117,0.3001431867123002,0.008548168659210206,0,6.8705902099609375,4.673898696899414,-2.6481857299804688,-20.0
117,118,0.03304892559570521,0.006693477392196658,0,20.0,2.308135986328125,0.07013130187988281,-4.395642280578613
118,119,0.10643153899618257,0.007142904758453367,0,20.0,3.2022438049316406,1.1977367401123047,-4.171638488769531
119,120,0.12432218436181357,0.0058495163917541525,0,20.0,1.522970199584961,0.27105712890625,-1.6040382385253906
0,1,0.9897856538504788,0.00845344096894036,1,2.2064520131552854,8.293457149811623,6.983146318560678,16.330708394233866
1,2,1.0297410336389292,0.0111362955569614,1,12.099906917892177,-12.24376512721811,-9.373151643681513,10.828358539053802
2,3,0.5790509260416662,0.014412547595470013,1,6.423256232000121,18.695531719491015,19.50162420627231,13.029778224116619
3,4,1.1365899066793157,0.010497396427888283,1,-8.398510862648925,13.071792811831024,-15.16161097119341,5.357671065879785
4,5,0.12442756789938166,0.005578332322277967,1,16.27855269450152,1.4963313087596788,4.038733915740597,-0.4997113701100666
5,6,0.984184793819942,0.006632092808809618,1,-6.247221695407923,2.895787052351814,15.806803830575767,1.5785586569029775
6,7,0.9703170220386367,0.008837134887323381,1,-11.165390395265746,-2.933669430053964,13.327589290439576,-7.921890433534234
7,8,1.1032871448682249,0.012548570638137396,1,19.855017160792066,6.531093318744453,9.178611073806572,-14.629560999206479
8,9,0.843402418081609,0.008869133524505137,1,9.148235210984026,4.2600571442365585,-2.6162457720990524,19.451995970700906
9,10,1.004483463852741,0.011240673100137275,1,-13.591095500536966,-10.882620343108497,-7.829911577260443,-12.659064979643196
10,11,0.9497477174362826,0.01405857843073089,1,-15.20646505153866,-17.815322810462405,3.817191006186196,-19.39533485473632
11,12,0.9344514096344071,0.006756177165264909,1,-2.0842209396989944,-8.063476848561205,-11.719226122809532,-5.1577847499898954
12,13,1.1400508163612684,0.011925634302794487,1,-0.6269981446368327,15.17311008100399,-17.627479577244657,14.274949408292478
13,14,0.9000373955379989,0.012388084226567174,1,10.204668857655651,-18.559351013115684,11.38880031545549,9.399516720041863
14,15,1.0385883362201993,0.01494717588838074,1,-17.706488218365774,10.828111975639136,-13.945224813604147,-17.308878545913906
15,16,0.6627992165761767,0.003342479353093213,1,4.5755506771727,-4.243714993141172,-1.9634234453116157,2.5872282967473623
16,17,1.217082978721342,0.014247600321698346,1,-19.165955990594853,-14.922366531993285,16.79535367397107,6.1067250902341605
17,18,0.7270648140844684,0.004340195980281766,1,1.9777221778129928,-6.2107866729923025,-5.8033063323339,-3.368968737987874
18,19,1.1173285793928678,0.012972561939329153,1,-5.660339160870862,17.61478257741905,-19.99977125036531,-8.615354768661373
19,20,0.038809214054003234,0.007096155793536483,1,15.889189511981627,-0.3307486562052553,0.5608879841288115,-11.603797021830243
20,21,0.15809327368507325,0.006170853614807128,1,17.592437744140625,-1.1523208618164062,0.9658241271972656,-4.972831726074219
21,22,0.02851225010728131,0.00611515712738037,1,15.76339340209961,0.5232887268066406,0.37080955505371094,-7.803136825561523
22,23,0.2910835582043305,0.006343789815902712,1,15.798561096191406,0.37178993225097656,-2.853078842163086,-6.351729393005371
23,24,0.18297503041372823,0.007142434120178224,1,15.368000030517578,0.03656768798828125,3.3333797454833984,-9.831789016723633
24,25,0.10382241975805943,0.0068073570728302,1,16.699604034423828,1.7914848327636719,1.0623149871826172,-7.676024436950684
25,26,0.051641208446296404,0.006927980184555056,1,20.0,0.0019359588623046875,1.5000438690185547,-6.2099409103393555
26,27,0.0323155460256262,0.0070474932193756125,1,20.0,0.7276725769042969,1.292724609375,-6.1695756912231445
27,28,0.062002813327159796,0.007690324306488036,1,20.0,0.6077384948730469,1.1615352630615234,-8.992023468017578
28,29,0.05950989992027898,0.0064275684356689435,1,20.0,0.6541652679443359,1.4173126220703125,-3.638795852661133
29,30,0.06436915452566493,0.005427069187164309,1,14.852630615234375,0.5834674835205078,1.4012737274169922,-4.870904922485352
30,31,0.05727944067940641,0.007676350355148317,1,20.0,0.49942779541015625,1.1871700286865234,-9.018803596496582
31,32,0.061098049559078195,0.006461987495422364,1,20.0,0.5262527465820312,1.4635295867919922,-3.8581676483154297
32,33,0.058491502056670454,0.005697109699249269,1,14.989356994628906,0.6109466552734375,1.3762760162353516,-5.811859130859375
33,34,0.06990018814586857,0.007848206281661989,1,20.0,0.5015926361083984,1.0748481750488281,-9.816384315490723
34,35,0.0631888847976983,0.006455873012542723,1,20.0,0.4618053436279297,1.5393428802490234,-3.8223438262939453
35,36,0.05405050049738712,0.005907207727432251,1,15.332061767578125,0.6415252685546875,1.345306396484375,-6.309937477111816
36,37,0.022258432727980483,0.007031490087509158,1,20.0,1.1325454711914062,1.0645065307617188,-5.928908348083496
37,38,0.020851537657207007,0.006761533260345457,1,20.0,1.2695903778076172,0.9375190734863281,-4.839023590087891
38,39,0.047409518000178195,0.006871360063552855,1,20.0,0.8656234741210938,0.30294036865234375,-6.316876411437988
39,40,0.04311718319137227,0.006327763557434083,1,15.56243896484375,-0.2316875457763672,0.3250408172607422,-9.191886901855469
40,41,0.0446308587315031,0.0066340007781982395,1,20.0,2.1035499572753906,1.7590446472167969,-2.6734085083007812
41,42,0.06077563445426701,0.009252333879470827,1,18.468490600585938,-1.9828910827636719,0.9959716796875,-15.561982154846191
42,43,0.05349089133080809,0.007979289054870605,1,12.53460693359375,-1.5061893463134766,-0.27080726623535156,-17.605552673339844
43,44,0.07459926434709759,0.007474911212921144,1,12.422164916992188,-1.8151111602783203,0.9047737121582031,-14.75759506225586
44,45,0.01952266886062687,0.006208084583282473,1,10.33038330078125,-0.23127365112304688,-0.7080879211425781,-13.562593460083008
45,46,0.00863583846340225,0.007261805057525635,1,13.3973388671875,-0.7014961242675781,-0.6548900604248047,-14.293495178222656
46,47,0.06976946752277093,0.006874185085296632,1,10.609725952148438,-1.1314697265625,-1.3733444213867188,-14.382200241088867
47,48,0.05506419458966473,0.00751034116744995,1,13.731201171875,-0.32822418212890625,-0.5393199920654297,-15.442619323730469
48,49,0.02645777918042998,0.0067410902976989765,1,12.683902740478516,-0.7902698516845703,-0.31980323791503906,-13.170385360717773
49,50,0.042980969152709166,0.00831178903579712,1,18.968700408935547,-0.28468894958496094,-0.06797409057617188,-13.925792694091797
50,51,0.15608254226402357,0.007256033897399902,1,13.546279907226562,0.4753227233886719,0.4298419952392578,-14.572690963745117
51,52,0.0625190171160691,0.008685890436172485,1,20.0,-1.176290512084961,-0.46341705322265625,-13.103854179382324
52,53,0.05052026660749354,0.007291734218597412,1,16.762901306152344,-1.0024471282958984,0.2109241485595703,-11.190664291381836
53,54,0.037699848325088485,0.00982768535614014,1,20.0,-0.7705192565917969,-1.0375938415527344,-17.502628326416016
54,55,0.008197726152151806,0.008327032089233402,1,20.0,-0.3060035705566406,-0.1626415252685547,-12.839483261108398
55,56,0.0044628115581813645,0.008306290864944462,1,20.0,-0.3877449035644531,-0.1162567138671875,-12.721161842346191
56,57,0.08673583709357885,0.009515332460403442,1,19.834640502929688,-1.8978137969970703,-0.9582958221435547,-15.370579719543457
57,58,0.08645154216507862,0.008781741619110108,1,20.0,0.5647945404052734,-0.2979774475097656,-14.26419448852539
58,59,0.03739100158131383,0.008102431297302249,1,20.0,-0.9024848937988281,0.42987632751464844,-11.077363967895508
59,60,0.029214023888582723,0.008094135522842407,1,20.0,-0.7789688110351562,0.411895751953125,-11.185677528381348
60,61,0.15907285107418392,0.009620804786682131,1,17.55447006225586,-0.7588081359863281,-0.16994094848632812,-20.0
61,62,0.048983645311252,0.007131328105926513,1,16.62468719482422,-0.8075351715087891,0.07364273071289062,-11.019447326660156
62,63,0.061300764591110855,0.0077619593143463134,1,20.0,-0.46238136291503906,-0.15590476989746094,-10.429551124572754
63,64,0.039469988278840434,0.006971530914306639,1,15.416046142578125,-0.8359527587890625,0.33872222900390625,-11.295402526855469
64,65,0.033351876907040494,0.0071096820831298806,1,16.434406280517578,0.5278224945068359,-0.10775375366210938,-11.368745803833008
65,66,0.047171037492326186,0.00829939031600952,1,20.0,-1.0811767578125,1.1301040649414062,-10.98628044128418
66,67,0.030834904756067313,0.00799486207962036,1,20.0,0.8112812042236328,-0.2157154083251953,-10.952451705932617
67,68,0.025187291180309126,0.006694472789764403,1,15.231269836425781,-0.20391082763671875,0.2715778350830078,-11.07113265991211
68,69,0.08513443246828062,0.007991841793060304,1,20.0,-0.7146377563476562,-0.41822052001953125,-10.834508895874023
69,70,0.0659222343565788,0.006923435211181639,1,15.489978790283203,0.5651969909667969,0.28917503356933594,-11.349390029907227
70,71,0.10984013503877978,0.00806500291824341,1,15.843502044677734,-2.363943099975586,-0.3719654083251953,-13.680601119995117
71,72,0.09579193893108268,0.008272399902343748,1,20.0,-0.023748397827148438,1.2140159606933594,-11.851835250854492
72,73,0.06421482686480273,0.005246335029602053,1,10.287542343139648,0.3766613006591797,0.6039218902587891,-9.717214584350586
73,74,0.08116037159256019,0.008889731884002685,1,14.894866943359375,0.5012550354003906,-2.3351306915283203,-17.827674865722656
74,75,0.07633614817427099,0.008160303592681885,1,20.0,2.043987274169922,-0.36776161193847656,-10.22946548461914
75,76,0.03018240295733504,0.007215947866439818,1,15.271259307861328,0.49506378173828125,-0.5620574951171875,-12.53541088104248
76,77,0.017817247279775596,0.007316251754760744,1,15.835697174072266,0.2972679138183594,-0.6246166229248047,-12.507425308227539
77,78,0.1744927502021427,0.006303130626678468,1,5.160224914550781,0.491973876953125,-1.0360069274902344,-18.524316787719727
78,79,0.05235173800445282,0.008776254415512086,1,20.0,0.31465911865234375,-1.2254562377929688,-13.564902305603027
79,80,0.059887312835395216,0.006719424009323122,1,14.812553405761719,1.0005531311035156,-0.07486724853515625,-10.98972225189209
80,81,0.11918797960783306,0.01119317388534546,1,20.0,-1.8156452178955078,-2.957050323486328,-20.0
81,82,0.07059236004071884,0.00730651640892029,1,20.0,2.844074249267578,0.3633995056152344,-6.01859188079834
82,83,0.051784301102169535,0.00879368543624878,1,20.0,0.2636737823486328,-1.227701187133789,-13.683366775512695
83,84,0.13733943541473528,0.01017316389083862,1,20.0,1.9040279388427734,-1.6865386962890625,-17.102088928222656
84,85,0.0712349966784423,0.005045299530029298,1,10.636428833007812,1.9179420471191406,0.6678543090820312,-6.958972930908203
85,86,0.04183101605440749,0.007400147438049317,1,20.0,0.6383476257324219,-0.2449016571044922,-8.717340469360352
86,87,0.11098421830102363,0.008085728883743286,1,20.0,1.3275260925292969,0.7282066345214844,-10.287182807922363
87,88,0.07429359458778494,0.007733196973800658,1,15.74703598022461,-0.6781215667724609,-1.2338752746582031,-13.273755073547363
88,89,0.09130882755350671,0.011158516407012938,1,20.0,-4.224905014038086,-0.4091606140136719,-20.0
89,90,0.16415921836019062,0.009241367340087894,1,20.0,-3.905618667602539,1.588775634765625,-11.471075057983398
90,91,0.05205948963397091,0.008536170482635498,1,9.880571365356445,-3.072988510131836,-1.191122055053711,-20.0
91,92,0.117469438374145,0.008904637813568116,1,15.101150512695312,-2.4418716430664062,-1.4673442840576172,-16.608184814453125
92,93,0.11515394587320309,0.007346605300903318,1,5.472414016723633,-3.2182865142822266,0.6957206726074219,-20.0
93,94,0.10500602804445419,0.009431423664093016,1,15.942214965820312,-1.6711864471435547,-0.11229324340820312,-20.0
94,95,0.09192844360275741,0.00447067403793335,1,5.7682037353515625,-0.6487846374511719,1.0413703918457031,-10.424337387084961
95,96,0.085194047026588,0.007063674449920653,1,20.0,3.6601428985595703,0.6128921508789062,-3.9816627502441406
96,97,0.08092457739112582,0.004574063777923585,1,8.686464309692383,2.463665008544922,0.8504104614257812,-6.29571533203125
97,98,0.1550529492692083,0.006576924800872801,1,13.545219421386719,2.771787643432617,0.059360504150390625,-9.931331634521484
98,99,0.06683622050210183,0.005910192489624022,1,20.0,1.9567890167236328,1.116445541381836,-0.567535400390625
99,100,0.24002708013197988,0.011782728672027584,1,20.0,-5.277692794799805,-1.8532218933105469,-20.0
100,101,0.07954446326542511,0.005893226623535159,1,8.118289947509766,-1.8132591247558594,-0.026775360107421875,-13.614582061767578
101,102,0.08888856150398317,0.006661820888519289,1,20.0,0.7516384124755859,-0.03478431701660156,-5.860860824584961
102,103,0.011098563257399417,0.007434862136840822,1,5.971645355224609,-1.559000015258789,-2.208803176879883,-20.0
103,104,0.016121130501540314,0.008098980903625489,1,8.806486129760742,-1.5316143035888672,-2.0578231811523438,-20.0
104,105,0.058780100523971084,0.005918093204498291,1,0.22974205017089844,-1.7513103485107422,-1.6913204193115234,-20.0
105,106,0.012319149434216525,0.008174232959747315,1,9.265520095825195,-1.5523223876953125,-1.87908935546875,-20.0
106,107,0.046217731121069444,0.007512167930603027,1,6.083385467529297,-0.8573970794677734,-3.107889175415039,-20.0
107,108,0.017710481595655487,0.00815732526779175,1,9.361190795898438,-1.6569480895996094,-1.6111621856689453,-20.0
108,109,0.025858243112184615,0.007857417106628415,1,8.20339584350586,-1.7121448516845703,-1.5141277313232422,-20.0
109,110,0.05603331973743537,0.0074013681411743155,1,8.788490295410156,-1.7066478729248047,-1.7567329406738281,-17.353601455688477
110,111,0.16653816322254444,0.0070554063320159895,1,-5.5220232009887695,-1.2003631591796875,-1.4992389678955078,-20.0
111,112,0.048336955730911534,0.008331982612609864,1,10.596698760986328,-1.2602787017822266,-1.4709529876708984,-20.0
112,113,0.0975380671889416,0.008556265354156493,1,9.796695709228516,-1.048055648803711,-3.38031005859375,-20.0
113,114,0.07315953757848417,0.00806706142425537,1,9.822320938110352,-1.3962173461914062,-1.0497074127197266,-20.0
114,115,0.06102745179783179,0.006872174263000489,1,8.657266616821289,-1.6130561828613281,-1.3700523376464844,-15.848321914672852
115,116,0.0911007157370966,0.00814493417739868,1,10.459037780761719,-0.9791202545166016,-1.1415786743164062,-20.0
116,117,0.07461395958829437,0.007120365619659424,1,3.429727554321289,1.3104896545410156,-3.7412452697753906,-20.0
117,118,0.016982734862043068,0.005983283996582034,1,6.499786376953125,-0.09384346008300781,-1.9962730407714844,-15.343233108520508
118,119,0.020299983276867255,0.006078738689422606,1,6.798038482666016,-0.2011890411376953,-1.9578857421875,-15.357841491699219
119,120,0.019737904118260766,0.006293376922607423,1,7.362287521362305,-0.2672290802001953,-1.9599132537841797,-15.584077835083008
0,1,0.9897856538504788,0.00845344096894036,2,2.2064520131552854,8.293457149811623,6.983146318560678,16.330708394233866
1,2,1.0297410336389292,0.0111362955569614,2,12.099906917892177,-12.24376512721811,-9.373151643681513,10.828358539053802
2,3,0.5790509260416662,0.014412547595470013,2,6.423256232000121,18.695531719491015,19.50162420627231,13.029778224116619
3,4,1.1365899066793157,0.010497396427888283,2,-8.398510862648925,13.071792811831024,-15.16161097119341,5.357671065879785
4,5,0.12442756789938166,0.005578332322277967,2,16.27855269450152,1.4963313087596788,4.038733915740597,-0.4997113701100666
5,6,0.984184793819942,0.006632092808809618,2,-6.247221695407923,2.895787052351814,15.806803830575767,1.5785586569029775
6,7,0.9703170220386367,0.008837134887323381,2,-11.165390395265746,-2.933669430053964,13.327589290439576,-7.921890433534234
7,8,1.1032871448682249,0.012548570638137396,2,19.855017160792066,6.531093318744453,9.178611073806572,-14.629560999206479
8,9,0.843402418081609,0.008869133524505137,2,9.148235210984026,4.2600571442365585,-2.6162457720990524,19.451995970700906
9,10,1.004483463852741,0.011240673100137275,2,-13.591095500536966,-10.882620343108497,-7.829911577260443,-12.659064979643196
10,11,0.9497477174362826,0.01405857843073089,2,-15.20646505153866,-17.815322810462405,3.817191006186196,-19.39533485473632
11,12,0.9344514096344071,0.006756177165264909,2,-2.0842209396989944,-8.063476848561205,-11.719226122809532,-5.1577847499898954
12,13,1.1400508163612684,0.011925634302794487,2,-0.6269981446368327,15.17311008100399,-17.627479577244657,14.274949408292478
13,14,0.9000373955379989,0.012388084226567174,2,10.204668857655651,-18.559351013115684,11.38880031545549,9.399516720041863
14,15,1.0385883362201993,0.01494717588838074,2,-17.706488218365774,10.828111975639136,-13.945224813604147,-17.308878545913906
15,16,0.6627992165761767,0.003342479353093213,2,4.5755506771727,-4.243714993141172,-1.9634234453116157,2.5872282967473623
16,17,1.217082978721342,0.014247600321698346,2,-19.165955990594853,-14.922366531993285,16.79535367397107,6.1067250902341605
17,18,0.7270648140844684,0.004340195980281766,2,1.9777221778129928,-6.2107866729923025,-5.8033063323339,-3.368968737987874
18,19,1.1173285793928678,0.012972561939329153,2,-5.660339160870862,17.61478257741905,-19.99977125036531,-8.615354768661373
19,20,0.038809214054003234,0.007096155793536483,2,15.889189511981627,-0.3307486562052553,0.5608879841288115,-11.603797021830243
20,21,0.15817947630710358,0.006170615434646609,2,17.590267181396484,-1.1541156768798828,0.9671039581298828,-4.970974922180176
21,22,0.028651776389836247,0.006110424995422362,2,15.765213012695312,0.523223876953125,0.3526268005371094,-7.800636291503906
22,23,0.29132178732192643,0.006345015048980714,2,15.802165985107422,0.36872100830078125,-2.854877471923828,-6.35429573059082
23,24,0.1830340838050252,0.007145458221435549,2,15.38134765625,0.04075813293457031,3.3295249938964844,-9.830202102661133
24,25,0.10323658091663682,0.006777323961257934,2,16.61669921875,1.7989845275878906,1.061309814453125,-7.632302284240723
25,26,0.05054977524823896,0.006926493406295777,2,20.0,0.03603172302246094,1.4777641296386719,-6.192177772521973
26,27,0.031771269608798794,0.007083853721618653,2,20.0,0.7340126037597656,1.2798614501953125,-6.321540832519531
27,28,0.06646657889118465,0.007742526054382326,2,20.0,0.6142845153808594,1.1364784240722656,-9.219341278076172
28,29,0.060001333308177154,0.006419525146484373,2,20.0,0.6572818756103516,1.4137191772460938,-3.6070995330810547
29,30,0.07011456747601938,0.007846547603607177,2,20.0,0.4794292449951172,1.104543685913086,-9.802217483520508
30,31,0.06269521737721266,0.005489791870117189,2,14.899528503417969,0.5964870452880859,1.393768310546875,-5.06938362121582
31,32,0.06239743869502098,0.006442854404449464,2,20.0,0.5267333984375,1.4633922576904297,-3.781291961669922
32,33,0.05931102594511211,0.005644561767578127,2,14.939937591552734,0.6044921875,1.3762874603271484,-5.657529830932617
33,34,0.049029054801082536,0.0067103376388549804,2,20.0,0.48435211181640625,1.5474586486816406,-4.809539794921875
34,35,0.05844149125072725,0.007618807792663575,2,20.0,0.7136516571044922,1.1471328735351562,-8.614446640014648
35,36,0.056160500268377773,0.005792859077453612,2,15.479793548583984,0.61456298828125,1.3681678771972656,-5.708911895751953
36,37,0.05723280900906751,0.006445648670196534,2,20.0,0.831573486328125,1.1170673370361328,-3.833953857421875
37,38,0.06734333648215646,0.007009724140167236,2,20.0,-0.0073451995849609375,2.1445884704589844,-5.886962890625
38,39,0.06680692985116155,0.007873651504516601,2,20.0,0.5822658538818359,0.8720607757568359,-10.040279388427734
39,40,0.06033817579400207,0.005943628787994388,2,14.584495544433594,0.6830883026123047,1.2891006469726562,-7.217830657958984
40,41,0.01943901333714549,0.0068547105789184565,2,20.0,1.1972579956054688,0.988616943359375,-5.232967376708984
41,42,0.01229415210740424,0.006859287738800048,2,20.0,1.4843730926513672,0.8813514709472656,-5.0714263916015625
42,43,0.01786042365158492,0.006973424673080442,2,20.0,1.745107650756836,0.8032188415527344,-5.345372200012207
43,44,0.06019177650752066,0.007362438917160036,2,20.0,1.8101005554199219,0.8180789947509766,-6.821576118469238
44,45,0.09486883843565086,0.00602435827255249,2,20.0,1.1198902130126953,0.8860797882080078,-2.091463088989258
45,46,0.08294656883497621,0.006247819423675536,2,14.979804992675781,1.6488113403320312,0.9595279693603516,-7.403133392333984
46,47,0.08017776463747604,0.008003905296325685,2,20.0,1.380462646484375,0.22797012329101562,-10.407188415527344
47,48,0.112732703269299,0.0074955949783325196,2,20.0,1.4318485260009766,2.0424728393554688,-6.508058547973633
48,49,0.08312748183816045,0.006783668041229245,2,20.0,0.22874069213867188,0.21535110473632812,-6.690580368041992
49,50,0.043336736703309627,0.005505481719970702,2,15.840625762939453,1.335897445678711,0.8910140991210938,-3.9543895721435547
50,51,0.04142418964938725,0.0056669688224792476,2,14.414718627929688,1.346853256225586,0.8900737762451172,-6.016229629516602
51,52,0.11022255051010026,0.006373414993286134,2,13.276443481445312,1.2148704528808594,0.5940361022949219,-10.408309936523438
52,53,0.020564104319540408,0.0066614937782287584,2,20.0,2.0152664184570312,0.44084930419921875,-4.189859390258789
53,54,0.01563008328787923,0.0067635433673858625,2,20.0,2.0014801025390625,0.41597747802734375,-4.636715888977051
54,55,0.028189205078136017,0.006813821792602539,2,20.0,2.1903514862060547,1.0244636535644531,-4.040472030639648
55,56,0.025819074798963445,0.0071372039318084715,2,20.0,2.0388107299804688,0.1644744873046875,-6.3455305099487305
56,57,0.06871853300159642,0.007114787340164185,2,20.0,2.2890071868896484,1.159698486328125,-5.010443687438965
57,58,0.07271143105886635,0.0065998988151550276,2,20.0,1.1193103790283203,0.12746620178222656,-5.15281867980957
58,59,0.02845120521263397,0.005718351840972903,2,16.29503631591797,1.8547630310058594,0.9807395935058594,-3.742868423461914
59,60,0.032354219322583026,0.005872154951095581,2,16.22573471069336,2.007253646850586,0.9846401214599609,-4.270991325378418
60,61,0.08949720475102133,0.007643280267715455,2,20.0,2.6262474060058594,0.23236465454101562,-7.714509010314941
61,62,0.05340628778025357,0.006080852508544923,2,20.0,1.6850566864013672,1.3065757751464844,-1.331777572631836
62,63,0.034057563177930066,0.005605431556701659,2,15.803070068359375,1.6885356903076172,1.0071659088134766,-3.922954559326172
63,64,0.08423260894242554,0.006497914791107177,2,17.24532699584961,1.9940776824951172,1.5176849365234375,-5.234569549560547
64,65,0.09374831146742253,0.006365208387374875,2,20.0,0.9799003601074219,0.2690391540527344,-4.2118940353393555
65,66,0.10005864589943893,0.007306072711944581,2,20.0,1.878814697265625,1.7751502990722656,-5.57032585144043
66,67,0.04736930489674307,0.005275158882141113,2,15.095176696777344,1.39984130859375,0.7184562683105469,-3.8871612548828125
67,68,0.04128179116826966,0.005690886259078981,2,14.321735382080078,2.336671829223633,0.3608856201171875,-5.7442522048950195
68,69,0.05422237693697724,0.005066905975341795,2,14.270755767822266,1.3324832916259766,1.0626201629638672,-3.601764678955078
69,70,0.07699932171040028,0.006369314193725584,2,15.504085540771484,2.673521041870117,0.08517074584960938,-7.214479446411133
70,71,0.02484692542461107,0.006237411499023436,2,20.0,2.7257823944091797,0.7321090698242188,-1.4917545318603516
71,72,0.08334770768859037,0.005816723346710207,2,20.0,1.7053031921386719,1.1527137756347656,-0.4088764190673828
72,73,0.051329209672220315,0.00694399690628052,2,20.0,3.375560760498047,-0.0098724365234375,-4.390554428100586
73,74,0.05580042196446265,0.00669795346260071,2,20.0,1.6351127624511719,-0.04615020751953125,-5.110550880432129
74,75,0.1092112863662169,0.007193373680114746,2,20.0,2.9536914825439453,1.3314342498779297,-4.488368988037109
75,76,0.02904944311310166,0.005209753513336183,2,14.647453308105469,2.1033878326416016,0.6923332214355469,-3.3958396911621094
76,77,0.05391370394872693,0.0057154946327209475,2,16.666332244873047,1.4447765350341797,0.2659912109375,-4.4848785400390625
77,78,0.061958035365389505,0.005422155380249021,2,14.09326171875,2.57012939453125,1.1305599212646484,-3.8946704864501953
78,79,0.10429144005698587,0.008267215967178342,2,20.0,3.0452632904052734,-0.5453853607177734,-9.478215217590332
79,80,0.07980398261144543,0.006474689483642578,2,20.0,1.395416259765625,0.029020309448242188,-4.474321365356445
80,81,0.11416878684231122,0.006217649221420289,2,15.185379028320312,2.4831695556640625,1.1714324951171875,-6.03061580657959
81,82,0.12498100186601714,0.005729753971099852,2,20.0,0.7828807830810547,1.7289810180664062,0.4071540832519531
82,83,0.09656931199164188,0.009747053623199461,2,20.0,-0.3764190673828125,-0.6159820556640625,-17.995813369750977
83,84,0.20893388543584643,0.007556826591491701,2,11.634847640991211,1.6642494201660156,-0.553466796875,-16.37474250793457
84,85,0.06909115589860576,0.00950268483161926,2,20.0,-2.7392120361328125,0.71875,-14.552777290344238
85,86,0.06004009602824889,0.007903736591339111,2,20.0,-0.6984462738037109,-0.07006645202636719,-10.846433639526367
86,87,0.050352126790368226,0.007704124450683592,2,20.0,-0.4199066162109375,-0.017339706420898438,-10.379251480102539
87,88,0.09854811521348417,0.010843360424041751,2,20.0,-2.793161392211914,1.3260726928710938,-19.254207611083984
88,89,0.09198798327085214,0.008723285913467407,2,20.0,-2.3842735290527344,1.227294921875,-11.281575202941895
89,90,0.11516523972178154,0.010911599159240722,2,20.0,-3.407958984375,-1.261178970336914,-18.977258682250977
90,91,0.06895252045511943,0.0077860584259033215,2,12.473579406738281,-2.4182815551757812,0.6154518127441406,-15.636920928955078
91,92,0.030381084010401845,0.00854735803604126,2,20.0,-1.1459388732910156,0.0127105712890625,-13.030782699584961
92,93,0.06735459685002865,0.00894993782043457,2,20.0,-0.7498264312744141,0.5207347869873047,-14.529190063476562
93,94,0.06143570411203272,0.007415419101715088,2,15.18106460571289,-1.675323486328125,0.28716278076171875,-12.518125534057617
94,95,0.2017701202435592,0.009946326971054078,2,20.0,-4.944103240966797,0.9873790740966797,-13.853825569152832
95,96,0.048588554101533774,0.008332059860229495,2,20.0,-0.7877368927001953,-0.3077659606933594,-12.232736587524414
96,97,0.15504125049436013,0.009500756740570066,2,20.0,-0.5382003784179688,0.8000717163085938,-16.66475486755371
97,98,0.09680940161633901,0.007668068408966063,2,20.0,-0.7634258270263672,-0.166290283203125,-9.742557525634766
98,99,0.05828387081101423,0.008517644882202146,2,11.170970916748047,-2.8575096130371094,-0.0420989990234375,-20.0
99,100,0.05461955637043277,0.007108346223831175,2,12.85516357421875,-1.6388626098632812,0.34819602966308594,-13.59116268157959
100,101,0.13859937805880135,0.008315299987792965,2,9.176919937133789,-2.7729568481445312,1.3113231658935547,-20.0
101,102,0.02121927876601432,0.009457588672637941,2,14.152297973632812,-2.2517547607421875,-1.4263019561767578,-20.0
102,103,0.05525923993300994,0.008319337368011473,2,14.254219055175781,-2.024761199951172,-0.8108234405517578,-16.187545776367188
103,104,0.006852171043214876,0.00967095851898193,2,15.450157165527344,-2.1793689727783203,-1.0543079376220703,-20.0
104,105,0.09262083013665581,0.009806374073028569,2,14.408096313476562,-3.5912647247314453,-1.22613525390625,-20.0
105,106,0.09393087327496467,0.009370063304901125,2,15.573352813720703,-1.13079833984375,-0.7761020660400391,-20.0
106,107,0.09287577076568168,0.011057822227478028,2,20.0,-1.6254920959472656,-2.6057968139648438,-20.0
107,108,0.0722202134651817,0.008119548082351685,2,14.72311019897461,-1.8486442565917969,-0.8244991302490234,-15.081938743591309
108,109,0.015987411287540186,0.00828110122680664,2,9.393577575683594,-1.8220596313476562,-1.9087677001953125,-20.0
109,110,0.0070365015466270905,0.008071050167083739,2,8.800437927246094,-1.804006576538086,-1.6797561645507812,-20.0
110,111,0.015627565842757252,0.007899532794952393,2,8.216571807861328,-1.832620620727539,-1.5489387512207031,-20.0
111,112,0.03530959777545344,0.007474752902984622,2,10.33660888671875,-1.6991653442382812,-1.1212940216064453,-16.741943359375
112,113,0.04388232884387121,0.007267698287963867,2,5.874441146850586,-1.8955192565917969,-1.300832748413086,-20.0
113,114,0.056537746275224725,0.008763625621795657,2,10.936481475830078,-1.6383380889892578,-2.4796829223632812,-20.0
114,115,0.03668884305490812,0.007428765773773192,2,10.734560012817383,-1.6942787170410156,-0.9624004364013672,-16.323823928833008
115,116,0.07966416934146896,0.008552914142608642,2,9.430234909057617,-3.283283233642578,-1.498138427734375,-20.0
116,117,0.09326701705390082,0.008388980388641358,2,11.473760604858398,-1.3304405212402344,-0.7517204284667969,-20.0
117,118,0.05886692591289629,0.0074596614837646475,2,11.44671630859375,-1.6719417572021484,-1.1018028259277344,-15.618185043334961
118,119,0.08850889246506546,0.00561757850646973,2,-0.05047035217285156,-1.3169174194335938,-1.102926254272461,-20.0
119,120,0.05483735512264968,0.006191570520401003,2,7.650735855102539,-1.455575942993164,-0.5078487396240234,-15.152121543884277
0,1,0.9897856538504788,0.00845344096894036,3,2.2064520131552854,8.293457149811623,6.983146318560678,16.330708394233866
1,2,1.0297410336389292,0.0111362955569614,3,12.099906917892177,-12.24376512721811,-9.373151643681513,10.828358539053802
2,3,0.5790509260416662,0.014412547595470013,3,6.423256232000121,18.695531719491015,19.50162420627231,13.029778224116619
3,4,1.1365899066793157,0.010497396427888283,3,-8.398510862648925,13.071792811831024,-15.16161097119341,5.357671065879785
4,5,0.12442756789938166,0.005578332322277967,3,16.27855269450152,1.4963313087596788,4.038733915740597,-0.4997113701100666
5,6,0.984184793819942,0.006632092808809618,3,-6.247221695407923,2.895787052351814,15.806803830575767,1.5785586569029775
6,7,0.9703170220386367,0.008837134887323381,3,-11.165390395265746,-2.933669430053964,13.327589290439576,-7.921890433534234
7,8,1.1032871448682249,0.012548570638137396,3,19.855017160792066,6.531093318744453,9.178611073806572,-14.629560999206479
8,9,0.843402418081609,0.008869133524505137,3,9.148235210984026,4.2600571442365585,-2.6162457720990524,19.451995970700906
9,10,1.004483463852741,0.011240673100137275,3,-13.591095500536966,-10.882620343108497,-7.829911577260443,-12.659064979643196
10,11,0.9497477174362826,0.01405857843073089,3,-15.20646505153866,-17.815322810462405,3.817191006186196,-19.39533485473632
11,12,0.9344514096344071,0.006756177165264909,3,-2.0842209396989944,-8.063476848561205,-11.719226122809532,-5.1577847499898954
12,13,1.1400508163612684,0.011925634302794487,3,-0.6269981446368327,15.17311008100399,-17.627479577244657,14.274949408292478
13,14,0.9000373955379989,0.012388084226567174,3,10.204668857655651,-18.559351013115684,11.38880031545549,9.399516720041863
14,15,1.0385883362201993,0.01494717588838074,3,-17.706488218365774,10.828111975639136,-13.945224813604147,-17.308878545913906
15,16,0.6627992165761767,0.003342479353093213,3,4.5755506771727,-4.243714993141172,-1.9634234453116157,2.5872282967473623
16,17,1.217082978721342,0.014247600321698346,3,-19.165955990594853,-14.922366531993285,16.79535367397107,6.1067250902341605
17,18,0.7270648140844684,0.004340195980281766,3,1.9777221778129928,-6.2107866729923025,-5.8033063323339,-3.368968737987874
18,19,1.1173285793928678,0.012972561939329153,3,-5.660339160870862,17.61478257741905,-19.99977125036531,-8.615354768661373
19,20,0.038809214054003234,0.007096155793536483,3,15.889189511981627,-0.3307486562052553,0.5608879841288115,-11.603797021830243
20,21,0.15814766765023108,0.006171542167663576,3,17.59197235107422,-1.1541728973388672,0.9668960571289062,-4.973127365112305
21,22,0.02865350530125432,0.006112362861633301,3,15.767398834228516,0.5229225158691406,0.3639049530029297,-7.795225143432617
22,23,0.291301620545297,0.006342493295669554,3,15.801643371582031,0.3699970245361328,-2.8528804779052734,-6.345452308654785
23,24,0.18299089174338853,0.007146338939666746,3,15.387222290039062,0.03923606872558594,3.332782745361328,-9.826114654541016
24,25,0.10356525451849458,0.006783028364181518,3,16.62598419189453,1.798126220703125,1.0619430541992188,-7.646059989929199
25,26,0.059477207171307604,0.006755450487136838,3,20.0,0.02693939208984375,1.5158939361572266,-5.478968620300293
26,27,0.045780758048883693,0.007481808185577392,3,20.0,0.7049922943115234,1.1798362731933594,-8.042404174804688
27,28,0.04198202832049418,0.006695453166961667,3,20.0,0.7048873901367188,1.3495292663574219,-4.727396011352539
28,29,0.09346420128312467,0.008101218223571774,3,20.0,0.5442829132080078,0.9881324768066406,-10.872457504272461
29,30,0.06038264673510469,0.006446930885314942,3,20.0,0.5872917175292969,1.4204387664794922,-3.7799930572509766
30,31,0.06493538364627688,0.0052975039482116675,3,13.930225372314453,0.6458206176757812,1.3659782409667969,-5.247991561889648
31,32,0.04901351967554856,0.006615718364715578,3,20.0,0.6210403442382812,1.4340705871582031,-4.40776252746582
32,33,0.05796194288414679,0.005662518978118897,3,15.299365997314453,0.6486721038818359,1.3734664916992188,-5.328571319580078
33,34,0.04960506426888201,0.007120642662048341,3,20.0,0.3011608123779297,1.6941757202148438,-6.487234115600586
34,35,0.056313795406748295,0.005763500690460203,3,15.310882568359375,0.6523933410644531,1.3675155639648438,-5.723211288452148
35,36,0.043902928903362136,0.005814956188201905,3,12.68313980102539,-0.3026542663574219,0.16898345947265625,-10.105047225952148
36,37,0.03782947344960964,0.006624355316162112,3,17.397201538085938,-0.0121002197265625,0.33295631408691406,-8.755163192749023
37,38,0.04949063087096018,0.007517572402954104,3,11.675586700439453,-1.5999279022216797,-0.06294059753417969,-16.731834411621094
38,39,0.05327903192937777,0.007704400539398194,3,14.427230834960938,-1.7290821075439453,0.5776748657226562,-14.083614349365234
39,40,0.08658592092210211,0.0064808826446533215,3,9.830408096313477,-0.9008769989013672,0.5137863159179688,-14.678459167480469
40,41,0.02793914987226054,0.008205179452896118,3,15.33492660522461,-1.318338394165039,-0.7562580108642578,-15.411194801330566
41,42,0.015929512120186208,0.010134779453277584,3,17.4781494140625,-2.525613784790039,-0.8875408172607422,-19.64781379699707
42,43,0.03683168689319271,0.009853020191192625,3,18.327899932861328,-1.9491252899169922,-0.3432769775390625,-18.791778564453125
43,44,0.07982702689682676,0.009423421382904052,3,15.807201385498047,-2.634227752685547,-1.2082042694091797,-18.044052124023438
44,45,0.025093880883701725,0.008799140453338624,3,20.0,-1.162820816040039,0.4248809814453125,-13.60886001586914
45,46,0.11393531791689651,0.009562884807586667,3,19.0804443359375,-0.4670696258544922,-0.42059326171875,-18.283432006835938
46,47,0.04213738765821375,0.008630867481231689,3,19.33379364013672,-1.5404129028320312,0.7374458312988281,-12.91181755065918
47,48,0.031624641475047864,0.008573910713195802,3,19.451419830322266,-1.3496570587158203,0.4711761474609375,-13.02338981628418
48,49,0.04139975251093319,0.008128562211990355,3,17.674102783203125,-1.0063095092773438,0.6782455444335938,-13.155591011047363
49,50,0.05438052163194183,0.00798089909553528,3,17.019268035888672,-0.7260246276855469,0.5822544097900391,-13.596049308776855
50,51,0.05957473714639516,0.008977775096893311,3,18.99703598022461,-2.2592906951904297,0.9284763336181641,-13.726297378540039
51,52,0.07416716466587377,0.00790494298934937,3,16.705615997314453,-0.4081745147705078,0.3492774963378906,-14.15670394897461
52,53,0.09443524959441833,0.00842813682556152,3,20.0,-1.5037269592285156,-0.2369709014892578,-11.97184944152832
53,54,0.14487243047819368,0.009857199668884275,3,16.104808807373047,-2.307973861694336,1.2823867797851562,-19.73362922668457
54,55,0.0928857639281449,0.007706898212432863,3,15.984939575195312,0.016481399536132812,-0.025785446166992188,-14.800386428833008
55,56,0.06756348756052082,0.0072450578212738025,3,16.441192626953125,-1.3375568389892578,0.9559459686279297,-10.245535850524902
56,57,0.12556039838280816,0.008859211206436157,3,20.0,-2.0069046020507812,-0.5603179931640625,-12.869622230529785
57,58,0.061629390322254125,0.007049610853195191,3,15.562480926513672,-0.8494701385498047,1.2442245483398438,-10.542267799377441
58,59,0.1320471374064312,0.008635571956634521,3,13.190731048583984,-0.3098716735839844,-1.0416851043701172,-20.0
59,60,0.07992435589218802,0.007939754009246824,3,20.0,-1.2499027252197266,2.0886573791503906,-8.420455932617188
60,61,0.09268917349198273,0.008372020006179811,3,20.0,0.129302978515625,0.7357215881347656,-12.623055458068848
61,62,0.0547044844699537,0.006881094932556151,3,14.765811920166016,-0.9636268615722656,0.8152427673339844,-10.979698181152344
62,63,0.08861551306764515,0.011124069213867193,3,20.0,-4.434162139892578,-0.062114715576171875,-20.0
63,64,0.09000223954539434,0.008200746059417726,3,14.648548126220703,-2.9922256469726562,0.43414306640625,-14.728067398071289
64,65,0.10040079835075931,0.011178801536560054,3,20.0,-2.6151905059814453,-2.100015640258789,-20.0
65,66,0.13492544409063642,0.007340558052062988,3,20.0,-1.7618541717529297,2.388713836669922,-5.211664199829102
66,67,0.13688649300772499,0.01056797933578491,3,20.0,-1.754730224609375,0.5171871185302734,-20.0
67,68,0.06149557352501848,0.008983255386352538,3,11.656255722045898,-3.539508819580078,-0.7372570037841797,-20.0
68,69,0.1099725829678569,0.008124122619628908,3,15.44094467163086,-2.44549560546875,-0.47259521484375,-14.137454986572266
69,70,0.08948711520210019,0.005735552787780762,3,11.417617797851562,0.16858673095703125,1.1843700408935547,-10.171636581420898
70,71,0.040710779429053184,0.007816135883331299,3,20.0,0.7920475006103516,0.2548484802246094,-10.217647552490234
71,72,0.047149234263590176,0.007688690900802615,3,20.0,-0.44800758361816406,0.12487220764160156,-10.181883811950684
72,73,0.06974712156180495,0.007677387237548827,3,7.928836822509766,-2.4626693725585938,-0.3180427551269531,-20.0
73,74,0.10693923193083228,0.007849934816360475,3,20.0,1.9945449829101562,0.6210136413574219,-8.784180641174316
74,75,0.009126566159747088,0.008172837734222414,3,9.24827766418457,-1.6556205749511719,-1.7874526977539062,-20.0
75,76,0.06504884755673586,0.008949804306030271,3,11.41537857055664,-2.170177459716797,-2.2136611938476562,-20.0
76,77,0.1659382136258915,0.006723330497741701,3,5.638715744018555,-0.10327911376953125,-1.151327133178711,-20.0
77,78,0.12475072450914812,0.009411416053771975,3,12.244522094726562,-3.9705848693847656,-1.4305572509765625,-20.0
78,79,0.058050486494883126,0.007751230239868161,3,13.387981414794922,-1.4855709075927734,-1.0114383697509766,-15.119930267333984
79,80,0.08684270033020217,0.010347742557525633,3,17.595184326171875,-1.0699806213378906,-2.7258052825927734,-20.0
80,81,0.1120952624334812,0.008362825393676757,3,11.631782531738281,-1.8069725036621094,-0.012546539306640625,-20.0
81,82,0.07377571441713164,0.007963124752044682,3,14.19000244140625,-1.450368881225586,-1.2009162902832031,-15.011211395263672
82,83,0.24143045986590178,0.011748038768768307,3,20.0,-3.954038619995117,-3.038116455078125,-20.0
83,84,0.014416661341558787,0.00686667013168335,3,13.26422119140625,-0.19170379638671875,-0.5656070709228516,-13.445148468017578
84,85,0.0740704701314682,0.006112815856933596,3,11.861766815185547,0.6953144073486328,-0.022174835205078125,-11.872007369995117
85,86,0.048851441736560496,0.007388977050781251,3,13.0179443359375,-1.3566856384277344,-0.7591514587402344,-14.422126770019531
86,87,0.06114875376759096,0.00927077555656433,3,20.0,0.4563636779785156,-1.1730365753173828,-15.453701972961426
87,88,0.09847216225050565,0.00940390205383301,3,15.812580108642578,-0.8730144500732422,-0.9300136566162109,-20.0
88,89,0.047495475549515144,0.00740178155899048,3,13.907939910888672,-1.0839004516601562,-0.7650642395019531,-13.850221633911133
89,90,0.07432984570175499,0.007441938161849977,3,20.0,-0.3072528839111328,-0.10869407653808594,-9.351805686950684
90,91,0.12258420769741153,0.00792649269104004,3,6.455232620239258,-4.057928085327148,1.19281005859375,-20.0
91,92,0.09195022421441373,0.00579529356956482,3,9.047945022583008,-1.3381462097167969,1.0549335479736328,-11.74014949798584
92,93,0.10419924452904092,0.005333568811416629,3,9.740531921386719,1.5982418060302734,0.5288047790527344,-9.466696739196777
93,94,0.16831439242457155,0.010957265138626101,3,20.0,-5.615511894226074,2.5577239990234375,-15.655824661254883
94,95,0.16646187821719904,0.011372120857238769,3,20.0,2.5685787200927734,-2.9199047088623047,-20.0
95,96,0.08677055681872883,0.007976812839508055,3,8.372802734375,0.0531005859375,-3.4813480377197266,-20.0
96,97,0.07417673792969005,0.007422846078872679,3,12.670074462890625,1.0921745300292969,-1.2620067596435547,-14.667128562927246
97,98,0.08588980725118557,0.007560752630233763,3,20.0,3.248279571533203,-0.08804130554199219,-6.906689643859863
98,99,0.17336532865026227,0.007141076803207395,3,10.231058120727539,2.9567317962646484,-1.2833366394042969,-14.093180656433105
99,100,0.039015249417260534,0.008336266040802004,3,20.0,0.7637310028076172,-0.7160530090332031,-11.865280151367188
100,101,0.037477897785393614,0.008313431024551394,3,20.0,0.7481861114501953,-0.6620750427246094,-11.843462944030762
101,102,0.010464528903296608,0.006558997154235838,3,20.0,2.536895751953125,0.9225807189941406,-2.7765121459960938
102,103,0.04090022152603661,0.007922964572906496,3,14.38357925415039,-0.4447441101074219,-1.5329341888427734,-15.33060073852539
103,104,0.016460233094818026,0.006587477207183837,3,20.0,2.6055545806884766,0.9474735260009766,-2.7968807220458984
104,105,0.03883440870709724,0.006748933315277098,3,20.0,2.7039451599121094,1.0003738403320312,-3.291414260864258
105,106,0.10584900348850171,0.0074133577346801776,3,20.0,2.5923843383789062,1.0603160858154297,-6.000730514526367
106,107,0.0983892966134883,0.005700228691101073,3,20.0,1.4227828979492188,1.3098812103271484,-0.06825065612792969
107,108,0.046774788607824455,0.0069437911510467545,3,20.0,1.2537403106689453,-0.06358146667480469,-6.457842826843262
108,109,0.04409928156086976,0.006950597763061526,3,20.0,1.2263660430908203,-0.032867431640625,-6.543157577514648
109,110,0.10895024639911936,0.0073277282714843735,3,20.0,4.675891876220703,-0.08994865417480469,-4.545072555541992
110,111,0.033234266351183435,0.007039583444595339,3,20.0,1.281881332397461,-0.030462265014648438,-6.845990180969238
111,112,0.12527089684259976,0.007791309356689453,3,20.0,1.9768867492675781,1.134958267211914,-8.05339241027832
112,113,0.1095787381057388,0.006167663574218749,3,20.0,1.1429996490478516,0.21068763732910156,-3.316967010498047
113,114,0.037771688548009975,0.0054669337272644026,3,14.393749237060547,2.474519729614258,0.6885719299316406,-4.310894012451172
114,115,0.059726832574796974,0.005130413532257078,3,12.8297119140625,2.6257781982421875,0.9596366882324219,-4.106527328491211
115,116,0.04139603723964269,0.006317492485046389,3,20.0,3.0934677124023438,1.7218246459960938,-0.4546775817871094
116,117,0.06602318437605008,0.0052444109916687,3,13.545124053955078,2.7594985961914062,1.1929206848144531,-3.480100631713867
117,118,0.11295258060375594,0.006985487937927247,3,20.0,2.960519790649414,1.8866539001464844,-3.094778060913086
118,119,0.12159971502149253,0.005973915576934812,3,20.0,1.0983543395996094,1.7249603271484375,1.072347640991211
119,120,0.014217369731703669,0.005829372644424438,3,14.695144653320312,1.749288558959961,0.11243629455566406,-6.760621070861816
0,1,0.9897856538504788,0.00845344096894036,4,2.2064520131552854,8.293457149811623,6.983146318560678,16.330708394233866
1,2,1.0297410336389292,0.0111362955569614,4,12.099906917892177,-12.24376512721811,-9.373151643681513,10.828358539053802
2,3,0.5790509260416662,0.014412547595470013,4,6.423256232000121,18.695531719491015,19.50162420627231,13.029778224116619
3,4,1.1365899066793157,0.010497396427888283,4,-8.398510862648925,13.071792811831024,-15.16161097119341,5.357671065879785
4,5,0.12442756789938166,0.005578332322277967,4,16.27855269450152,1.4963313087596788,4.038733915740597,-0.4997113701100666
5,6,0.984184793819942,0.006632092808809618,4,-6.247221695407923,2.895787052351814,15.806803830575767,1.5785586569029775
6,7,0.9703170220386367,0.008837134887323381,4,-11.165390395265746,-2.933669430053964,13.327589290439576,-7.921890433534234
7,8,1.1032871448682249,0.012548570638137396,4,19.855017160792066,6.531093318744453,9.178611073806572,-14.629560999206479
8,9,0.843402418081609,0.008869133524505137,4,9.148235210984026,4.2600571442365585,-2.6162457720990524,19.451995970700906
9,10,1.004483463852741,0.011240673100137275,4,-13.591095500536966,-10.882620343108497,-7.829911577260443,-12.659064979643196
10,11,0.9497477174362826,0.01405857843073089,4,-15.20646505153866,-17.815322810462405,3.817191006186196,-19.39533485473632
11,12,0.9344514096344071,0.006756177165264909,4,-2.0842209396989944,-8.063476848561205,-11.719226122809532,-5.1577847499898954
12,13,1.1400508163612684,0.011925634302794487,4,-0.6269981446368327,15.17311008100399,-17.627479577244657,14.274949408292478
13,14,0.9000373955379989,0.012388084226567174,4,10.204668857655651,-18.559351013115684,11.38880031545549,9.399516720041863
14,15,1.0385883362201993,0.01494717588838074,4,-17.706488218365774,10.828111975639136,-13.945224813604147,-17.308878545913906
15,16,0.6627992165761767,0.003342479353093213,4,4.5755506771727,-4.243714993141172,-1.9634234453116157,2.5872282967473623
16,17,1.217082978721342,0.014247600321698346,4,-19.165955990594853,-14.922366531993285,16.79535367397107,6.1067250902341605
17,18,0.7270648140844684,0.004340195980281766,4,1.9777221778129928,-6.2107866729923025,-5.8033063323339,-3.368968737987874
18,19,1.1173285793928678,0.012972561939329153,4,-5.660339160870862,17.61478257741905,-19.99977125036531,-8.615354768661373
19,20,0.038809214054003234,0.007096155793536483,4,15.889189511981627,-0.3307486562052553,0.5608879841288115,-11.603797021830243
20,21,0.1581279539628658,0.006169295549392699,4,17.588714599609375,-1.1527996063232422,0.9681777954101562,-4.967490196228027
21,22,0.028492091222860158,0.006115479469299319,4,15.767524719238281,0.5231781005859375,0.3639984130859375,-7.807216644287109
22,23,0.291348280676831,0.006344913721084593,4,15.79840087890625,0.3706321716308594,-2.8565711975097656,-6.354050636291504
23,24,0.18341521279262316,0.007147965431213378,4,15.380786895751953,0.040668487548828125,3.3330821990966797,-9.837324142456055
24,25,0.10336383204325289,0.006773622512817382,4,16.609939575195312,1.8057670593261719,1.0627403259277344,-7.6160430908203125
25,26,0.0505099825366679,0.00692739820480347,4,20.0,0.0353851318359375,1.4762458801269531,-6.197961807250977
26,27,0.031745107434357905,0.007083754777908324,4,20.0,0.7360916137695312,1.2794666290283203,-6.319460868835449
27,28,0.06614437830512677,0.0077383990287780745,4,20.0,0.6173057556152344,1.1358489990234375,-9.200441360473633
28,29,0.05959825909829527,0.0064245972633361825,4,20.0,0.6591625213623047,1.4106979370117188,-3.628528594970703
29,30,0.06400204041769673,0.005442401409149171,4,14.921985626220703,0.5857944488525391,1.3993988037109375,-4.8624267578125
30,31,0.04321816896619858,0.006797468185424807,4,20.0,0.5408706665039062,1.4389266967773438,-5.210075378417969
31,32,0.0688615293744509,0.007835522651672363,4,20.0,0.4904003143310547,1.0910015106201172,-9.760688781738281
32,33,0.05306789989982415,0.006554888725280762,4,20.0,0.6091403961181641,1.5222759246826172,-4.088138580322266
33,34,0.058618815710660084,0.005670640468597413,4,15.126945495605469,0.6016273498535156,1.3736515045166016,-5.5803375244140625
34,35,0.062392661057153645,0.00669484066963196,4,20.0,0.16311264038085938,1.885824203491211,-4.730425834655762
35,36,0.0646415493829844,0.0077329125404357905,4,20.0,0.717071533203125,1.021841049194336,-9.192737579345703
36,37,0.059387699094861204,0.006417359828948975,4,20.0,0.9528121948242188,0.9766941070556641,-3.7399330139160156
37,38,0.055013541201993685,0.005828182220458982,4,15.281234741210938,0.6450119018554688,1.3441963195800781,-6.042285919189453
38,39,0.05240177934803546,0.005947329521179202,4,15.713737487792969,0.6583957672119141,1.3370227813720703,-6.080162048339844
39,40,0.06478367110051668,0.007310186386108397,4,20.0,1.0791168212890625,1.6831741333007812,-6.47845458984375
40,41,0.06166826088000469,0.007233085632324219,4,20.0,-0.258636474609375,1.8466548919677734,-6.827051162719727
41,42,0.03434188784167532,0.00772786235809326,4,20.0,0.2558727264404297,0.7640571594238281,-9.891519546508789
42,43,0.04354355361140767,0.0077335786819458,4,20.0,0.41173553466796875,0.8187141418457031,-9.703865051269531
43,44,0.07363723441781979,0.0065773725509643555,4,20.0,0.4067497253417969,0.7430744171142578,-5.159666061401367
44,45,0.07825390314797588,0.006591068983078005,4,15.310562133789062,0.6308536529541016,1.1759471893310547,-9.246912956237793
45,46,0.07566054499302141,0.0075281364917755104,4,20.0,0.1492786407470703,2.0587902069091797,-7.904477119445801
46,47,0.05681944548742365,0.007581281900405884,4,20.0,1.2090988159179688,0.7596206665039062,-8.35640811920166
47,48,0.04853578281170201,0.008047407865524294,4,20.0,-0.0137176513671875,0.6230945587158203,-11.55281925201416
48,49,0.06207848193393887,0.006872989892959594,4,20.0,0.125213623046875,0.5933494567871094,-6.7733964920043945
49,50,0.1018911943529512,0.007739136934280393,4,19.630821228027344,1.3167648315429688,1.0844154357910156,-8.924546241760254
50,51,0.05546930392861084,0.006129873991012576,4,14.836189270019531,0.3141899108886719,1.1588058471679688,-8.210310935974121
51,52,0.04144238612407198,0.007846796512603758,4,20.0,-0.3289318084716797,1.1732749938964844,-9.884979248046875
52,53,0.0632927339367021,0.006971970796585081,4,20.0,-0.039020538330078125,1.9610576629638672,-5.887804985046387
53,54,0.0868425792611495,0.00848295736312866,4,20.0,-0.08693885803222656,0.65069580078125,-13.194194793701172
54,55,0.08107982729773197,0.006675621986389159,4,20.0,0.09960174560546875,0.6155967712402344,-5.9872894287109375
55,56,0.0633386656720353,0.006342927455902098,4,14.987930297851562,0.3160076141357422,1.2147598266601562,-8.853012084960938
56,57,0.10401717696344259,0.007786543846130371,4,20.0,0.40616798400878906,2.16754150390625,-8.572465896606445
57,58,0.05043159569190544,0.0059637699127197295,4,15.09524917602539,0.2707653045654297,1.06231689453125,-7.426748275756836
58,59,0.10350678864129019,0.006871940612792971,4,14.706375122070312,0.6140899658203125,0.7196426391601562,-11.447654724121094
59,60,0.08727543735626879,0.006599070072174075,4,20.0,0.22796630859375,0.5283126831054688,-5.64000129699707
60,61,0.07509605690214156,0.005554584026336673,4,15.79166030883789,0.20228195190429688,1.5365047454833984,-4.687889099121094
61,62,0.04231291036281697,0.007799353122711182,4,20.0,-0.6556186676025391,1.0613269805908203,-9.480466842651367
62,63,0.0637729122212453,0.00752079200744629,4,20.0,-0.39334869384765625,1.9333667755126953,-7.756452560424805
63,64,0.05651028333287026,0.007235179185867308,4,20.0,-0.16607284545898438,0.3540382385253906,-8.420605659484863
64,65,0.10089799084808362,0.006183195114135741,4,20.0,-0.10110664367675781,2.1285228729248047,-2.5031509399414062
65,66,0.05488505951225937,0.006486223220825197,4,15.960105895996094,-0.25769996643066406,1.1905689239501953,-8.536518096923828
66,67,0.02682758820312244,0.008740859031677244,4,20.0,-1.0780181884765625,0.488067626953125,-13.397350311279297
67,68,0.03631480149230307,0.008168767929077147,4,20.0,-0.9609870910644531,0.6411094665527344,-11.072975158691406
68,69,0.0704017474937069,0.009209132671356202,4,20.0,-0.5536289215087891,-0.17830276489257812,-16.104598999023438
69,70,0.04795624065701595,0.008355149030685427,4,20.0,-1.13165283203125,1.1420974731445312,-11.146845817565918
70,71,0.053792835527155615,0.007655098438262942,4,20.0,-0.5644912719726562,0.2796764373779297,-9.776226043701172
71,72,0.054688860919321965,0.007563138961791995,4,16.34842300415039,-0.9010086059570312,1.0216121673583984,-11.981512069702148
72,73,0.04364265391582564,0.007995165824890136,4,20.0,-0.89581298828125,0.5184154510498047,-10.566434860229492
73,74,0.0677133946228118,0.008540832996368406,4,20.0,-1.03387451171875,1.6524772644042969,-11.476980209350586
74,75,0.043511571930879754,0.007596021413803103,4,20.0,-0.34111785888671875,0.20047760009765625,-9.842490196228027
75,76,0.07059388017495667,0.008306828498840336,4,20.0,0.3184986114501953,0.2351970672607422,-12.67361831665039
76,77,0.07280852196840647,0.007558576345443723,4,20.0,-0.8005027770996094,0.5578117370605469,-8.875990867614746
77,78,0.07191108655343267,0.007715688228607179,4,14.873348236083984,-0.8779182434082031,0.5915164947509766,-14.519969940185547
78,79,0.12111774996233189,0.00852822875976563,4,20.0,-0.15297317504882812,1.4888477325439453,-12.471094131469727
79,80,0.05437384411723156,0.00968834972381592,4,20.0,-2.5742340087890625,-0.05208587646484375,-16.127079010009766
80,81,0.1034933443874164,0.008144721984863278,4,20.0,-1.7075424194335938,0.3506889343261719,-10.52065658569336
81,82,0.06105580999780817,0.010462175846099857,4,20.0,-1.0208358764648438,-1.1526241302490234,-19.675243377685547
82,83,0.1389433445812655,0.010702447891235355,4,20.0,-2.0017032623291016,0.8080883026123047,-20.0
83,84,0.03571363176808161,0.008465024948120119,4,17.285011291503906,-0.450347900390625,-0.6116142272949219,-15.513126373291016
84,85,0.011293519230208417,0.007795305490493777,4,16.5076904296875,-0.8061656951904297,-0.2851829528808594,-13.582182884216309
85,86,0.10331738119509097,0.008543803215026853,4,12.77896499633789,-0.8517646789550781,-0.8752460479736328,-19.66923713684082
86,87,0.11151383449993214,0.009897045612335209,4,20.0,0.7305145263671875,-1.2427635192871094,-17.614904403686523
87,88,0.14388560862361408,0.009854949951171874,4,20.0,-2.1171875,-1.6806678771972656,-15.621944427490234
88,89,0.04338211905799112,0.007464534759521487,4,13.980060577392578,-1.3271846771240234,0.3338794708251953,-14.21701431274414
89,90,0.16193010299822527,0.007806147098541262,4,14.607120513916016,0.31826019287109375,0.13715553283691406,-16.162052154541016
90,91,0.082984753413314,0.008098543882369994,4,15.076461791992188,-2.6602725982666016,0.9812545776367188,-13.676186561584473
91,92,0.07179381440482575,0.007316968202590943,4,16.471088409423828,-1.2017784118652344,-0.09707069396972656,-11.49793529510498
92,93,0.16424700537822132,0.008137281656265259,4,20.0,-2.9771194458007812,2.754566192626953,-6.817440986633301
93,94,0.10118146790179697,0.0111926703453064,4,20.0,-4.448402404785156,-0.3222789764404297,-20.0
94,95,0.07574963678005299,0.00882846450805664,4,11.772287368774414,-3.0826416015625,0.45892906188964844,-20.0
95,96,0.1420076172292689,0.01090853643417359,4,20.0,-2.368375778198242,1.2657699584960938,-20.0
96,97,0.06763147770346016,0.009544104099273682,4,13.755756378173828,-2.873443603515625,-1.5472164154052734,-20.0
97,98,0.09268389252173909,0.007989905834198,4,15.577568054199219,-2.3459835052490234,-0.16460227966308594,-13.871469497680664
98,99,0.12956726375911784,0.007341078281402589,4,7.516538619995117,-1.7896385192871094,0.058135986328125,-20.0
99,100,0.13872650613879806,0.011329512119293216,4,20.0,-2.9658374786376953,-2.3522109985351562,-20.0
100,101,0.087162814903234,0.00782937955856323,4,15.428436279296875,-2.2551231384277344,-0.04535484313964844,-13.588603973388672
101,102,0.1484377796734317,0.010055691242218017,4,13.802650451660156,-5.80352783203125,0.6165866851806641,-20.0
102,103,0.16198451006377595,0.00899271106719971,4,20.0,-3.0838699340820312,-0.07235336303710938,-12.814620971679688
103,104,0.09900646763572232,0.006754779100418089,4,11.638908386230469,-1.8448467254638672,1.6125144958496094,-11.922846794128418
104,105,0.09665990906368531,0.008229336261749268,4,10.61065673828125,0.2379779815673828,-2.0687103271484375,-20.0
105,106,0.150156428980459,0.008625445127487186,4,20.0,3.4584808349609375,-0.5236911773681641,-10.519608497619629
106,107,0.16680017631244473,0.009016142368316653,4,15.17794418334961,-0.7921009063720703,-0.09452438354492188,-20.0
107,108,0.11785173878691885,0.005108287811279299,4,6.903724670410156,1.2552108764648438,0.01068878173828125,-12.263526916503906
108,109,0.16027493751425845,0.011368682861328128,4,20.0,1.7321014404296875,-3.7426300048828125,-20.0
109,110,0.05980707547139043,0.008277187347412111,4,8.669301986694336,-2.083303451538086,-2.3561439514160156,-20.0
110,111,0.039610630039564984,0.007242153644561768,4,12.344001770019531,-0.8679904937744141,-1.1610336303710938,-14.595588684082031
111,112,0.15143929482800159,0.0065008339881896995,4,2.4055252075195312,1.152496337890625,-2.445314407348633,-20.0
112,113,0.03680137064643288,0.007047445774078369,4,11.368352890014648,-0.9367542266845703,-1.1493282318115234,-14.735347747802734
113,114,0.05883616531558702,0.00777682685852051,4,6.6495361328125,-2.923463821411133,-1.5343074798583984,-20.0
114,115,0.04688797515306198,0.006865936279296877,4,10.070505142211914,-1.3757266998291016,-0.9948902130126953,-15.022623062133789
115,116,0.10568519021315992,0.009216169357299802,4,11.987804412841797,-1.9964370727539062,-2.8804359436035156,-20.0
116,117,0.09511871835448549,0.005834118843078611,4,-0.7655220031738281,-2.415203094482422,-0.15575027465820312,-20.0
117,118,0.07047405888312262,0.005716034889221189,4,6.646999359130859,-1.544595718383789,-0.314849853515625,-14.357694625854492
118,119,0.05505709106792419,0.006282299518585203,4,7.966533660888672,-1.5544376373291016,-0.6459598541259766,-14.96226692199707
119,120,0.10183240349279271,0.004042178630828857,4,2.9710960388183594,-0.8348007202148438,1.043426513671875,-11.319391250610352
